tranche_horaire,ref,libelle_gare_montee,flux_enquete,flux_normalized
de 00:00:00 à 00:59:59,PR/0087-381848-BV,Argenteuil,6.91,0.191776798825257
de 00:00:00 à 00:59:59,PR/0087-381137-BV,Asnières sur Seine,8.6,0.24140969162995596
de 00:00:00 à 00:59:59,PR/0087-381079-BV,Bois Colombes,12.9,0.3676945668135096
de 00:00:00 à 00:59:59,PR/0087-381475-00,Chanteloup les Vignes,3.5,0.09162995594713658
de 00:00:00 à 00:59:59,PR/0087-381087-00,Colombes,9.36,0.2637298091042584
de 00:00:00 à 00:59:59,PR/0087-381459-BV,Conflans Fin d'Oise,1.36,0.028781204111600595
de 00:00:00 à 00:59:59,PR/0087-381897-BV,Conflans Ste Honorine,3.09,0.07958883994126285
de 00:00:00 à 00:59:59,PR/0087-381863-00,Cormeilles en Parisis,4.99,0.1353891336270191
de 00:00:00 à 00:59:59,PR/0087-534131-BV,Ermont Eaubonne,7.8,0.21791483113069016
de 00:00:00 à 00:59:59,PR/0087-386409-00,Houilles Carrières sur Seine,3.74,0.09867841409691631
de 00:00:00 à 00:59:59,PR/0087-381095-00,Le Stade,6.75,0.18707782672540382
de 00:00:00 à 00:59:59,PR/0087-381798-00,Le Val d'Argenteuil,14.92,0.4270190895741557
de 00:00:00 à 00:59:59,PR/0087-386680-BV,Les Mureaux,11.06,0.31365638766519827
de 00:00:00 à 00:59:59,PR/0087-381590-00,Mantes Station,0.38,0.0
de 00:00:00 à 00:59:59,PR/0087-381509-BV,Mantes la Jolie,2.74,0.06930983847283409
de 00:00:00 à 00:59:59,PR/0087-381830-BV,Meulan Hardricourt,1.12,0.021732745961820857
de 00:00:00 à 00:59:59,PR/0087-384008-00,Paris St Lazare,34.43,1.0000000000000002
de 00:00:00 à 00:59:59,PR/0087-386573-BV,Poissy,4.64,0.1251101321585903
de 00:00:00 à 00:59:59,PR/0087-276139-BV,Pontoise,4.22,0.11277533039647578
de 00:00:00 à 00:59:59,PR/0087-276188-00,Sannois,2.43,0.06020558002936858
de 00:00:00 à 00:59:59,PR/0087-381418-BV,Éragny Neuville,0.87,0.014390602055800296
de 01:00:00 à 01:59:59,PR/0087-381848-BV,Argenteuil,6.91,0.191776798825257
de 01:00:00 à 01:59:59,PR/0087-381137-BV,Asnières sur Seine,8.6,0.24140969162995596
de 01:00:00 à 01:59:59,PR/0087-381079-BV,Bois Colombes,12.9,0.3676945668135096
de 01:00:00 à 01:59:59,PR/0087-381475-00,Chanteloup les Vignes,3.5,0.09162995594713658
de 01:00:00 à 01:59:59,PR/0087-381087-00,Colombes,9.36,0.2637298091042584
de 01:00:00 à 01:59:59,PR/0087-381459-BV,Conflans Fin d'Oise,1.36,0.028781204111600595
de 01:00:00 à 01:59:59,PR/0087-381897-BV,Conflans Ste Honorine,3.09,0.07958883994126285
de 01:00:00 à 01:59:59,PR/0087-381863-00,Cormeilles en Parisis,4.99,0.1353891336270191
de 01:00:00 à 01:59:59,PR/0087-534131-BV,Ermont Eaubonne,7.8,0.21791483113069016
de 01:00:00 à 01:59:59,PR/0087-386409-00,Houilles Carrières sur Seine,3.74,0.09867841409691631
de 01:00:00 à 01:59:59,PR/0087-381095-00,Le Stade,6.75,0.18707782672540382
de 01:00:00 à 01:59:59,PR/0087-381798-00,Le Val d'Argenteuil,14.92,0.4270190895741557
de 01:00:00 à 01:59:59,PR/0087-386680-BV,Les Mureaux,11.06,0.31365638766519827
de 01:00:00 à 01:59:59,PR/0087-381590-00,Mantes Station,0.38,0.0
de 01:00:00 à 01:59:59,PR/0087-381509-BV,Mantes la Jolie,2.74,0.06930983847283409
de 01:00:00 à 01:59:59,PR/0087-381830-BV,Meulan Hardricourt,1.12,0.021732745961820857
de 01:00:00 à 01:59:59,PR/0087-384008-00,Paris St Lazare,34.43,1.0000000000000002
de 01:00:00 à 01:59:59,PR/0087-386573-BV,Poissy,4.64,0.1251101321585903
de 01:00:00 à 01:59:59,PR/0087-276139-BV,Pontoise,4.22,0.11277533039647578
de 01:00:00 à 01:59:59,PR/0087-276188-00,Sannois,2.43,0.06020558002936858
de 01:00:00 à 01:59:59,PR/0087-381418-BV,Éragny Neuville,0.87,0.014390602055800296
de 02:00:00 à 02:59:59,PR/0087-381848-BV,Argenteuil,6.91,0.191776798825257
de 02:00:00 à 02:59:59,PR/0087-381137-BV,Asnières sur Seine,8.6,0.24140969162995596
de 02:00:00 à 02:59:59,PR/0087-381079-BV,Bois Colombes,12.9,0.3676945668135096
de 02:00:00 à 02:59:59,PR/0087-381475-00,Chanteloup les Vignes,3.5,0.09162995594713658
de 02:00:00 à 02:59:59,PR/0087-381087-00,Colombes,9.36,0.2637298091042584
de 02:00:00 à 02:59:59,PR/0087-381459-BV,Conflans Fin d'Oise,1.36,0.028781204111600595
de 02:00:00 à 02:59:59,PR/0087-381897-BV,Conflans Ste Honorine,3.09,0.07958883994126285
de 02:00:00 à 02:59:59,PR/0087-381863-00,Cormeilles en Parisis,4.99,0.1353891336270191
de 02:00:00 à 02:59:59,PR/0087-534131-BV,Ermont Eaubonne,7.8,0.21791483113069016
de 02:00:00 à 02:59:59,PR/0087-386409-00,Houilles Carrières sur Seine,3.74,0.09867841409691631
de 02:00:00 à 02:59:59,PR/0087-381095-00,Le Stade,6.75,0.18707782672540382
de 02:00:00 à 02:59:59,PR/0087-381798-00,Le Val d'Argenteuil,14.92,0.4270190895741557
de 02:00:00 à 02:59:59,PR/0087-386680-BV,Les Mureaux,11.06,0.31365638766519827
de 02:00:00 à 02:59:59,PR/0087-381590-00,Mantes Station,0.38,0.0
de 02:00:00 à 02:59:59,PR/0087-381509-BV,Mantes la Jolie,2.74,0.06930983847283409
de 02:00:00 à 02:59:59,PR/0087-381830-BV,Meulan Hardricourt,1.12,0.021732745961820857
de 02:00:00 à 02:59:59,PR/0087-384008-00,Paris St Lazare,34.43,1.0000000000000002
de 02:00:00 à 02:59:59,PR/0087-386573-BV,Poissy,4.64,0.1251101321585903
de 02:00:00 à 02:59:59,PR/0087-276139-BV,Pontoise,4.22,0.11277533039647578
de 02:00:00 à 02:59:59,PR/0087-276188-00,Sannois,2.43,0.06020558002936858
de 02:00:00 à 02:59:59,PR/0087-381418-BV,Éragny Neuville,0.87,0.014390602055800296
de 04:00:00 à 04:59:59,PR/0087-381848-BV,Argenteuil,40.94,0.47695247193694773
de 04:00:00 à 04:59:59,PR/0087-381137-BV,Asnières sur Seine,19.22,0.21757821829472176
de 04:00:00 à 04:59:59,PR/0087-386730-00,Aubergenville Élisabethville,12.59,0.13840458562216384
de 04:00:00 à 04:59:59,PR/0087-381079-BV,Bois Colombes,41.34,0.48172916169094826
de 04:00:00 à 04:59:59,PR/0087-381152-00,Boissy l'Aillerie,3.89,0.034511583472653456
de 04:00:00 à 04:59:59,PR/0087-381475-00,Chanteloup les Vignes,14.28,0.15858609983281588
de 04:00:00 à 04:59:59,PR/0087-381194-BV,Chars,1.0,0.0
de 04:00:00 à 04:59:59,PR/0087-381228-BV,Chaumont en Vexin,9.0,0.09553379508000956
de 04:00:00 à 04:59:59,PR/0087-381087-00,Colombes,80.18,0.9455457368043947
de 04:00:00 à 04:59:59,PR/0087-381897-BV,Conflans Ste Honorine,14.73,0.1639598758060664
de 04:00:00 à 04:59:59,PR/0087-381863-00,Cormeilles en Parisis,14.5,0.16121327919751613
de 04:00:00 à 04:59:59,PR/0087-534131-BV,Ermont Eaubonne,17.82,0.2008598041557201
de 04:00:00 à 04:59:59,PR/0087-381566-00,Gargenville,4.5,0.04179603534750419
de 04:00:00 à 04:59:59,PR/0087-381244-00,Gisors,25.9,0.29734893718652977
de 04:00:00 à 04:59:59,PR/0087-381889-00,Herblay,21.42,0.24385001194172445
de 04:00:00 à 04:59:59,PR/0087-386409-00,Houilles Carrières sur Seine,16.0,0.17912586577501793
de 04:00:00 à 04:59:59,PR/0087-381574-00,Issou Porcheville,3.75,0.032839742058753285
de 04:00:00 à 04:59:59,PR/0087-381558-00,Juziers,3.89,0.034511583472653456
de 04:00:00 à 04:59:59,PR/0087-381871-00,La Frette Montigny,9.38,0.10007165034631002
de 04:00:00 à 04:59:59,PR/0087-381095-00,Le Stade,34.16,0.3959875806066396
de 04:00:00 à 04:59:59,PR/0087-381798-00,Le Val d'Argenteuil,84.74,1.0
de 04:00:00 à 04:59:59,PR/0087-386664-00,Les Clairières de Verneuil,6.0,0.059708621925005964
de 04:00:00 à 04:59:59,PR/0087-386680-BV,Les Mureaux,35.4,0.4107953188440411
de 04:00:00 à 04:59:59,PR/0087-381582-BV,Limay,4.88,0.046333890613804635
de 04:00:00 à 04:59:59,PR/0087-381590-00,Mantes Station,3.03,0.024241700501552426
de 04:00:00 à 04:59:59,PR/0087-381509-BV,Mantes la Jolie,12.2,0.13374731311201338
de 04:00:00 à 04:59:59,PR/0087-381830-BV,Meulan Hardricourt,3.84,0.0339144972534034
de 04:00:00 à 04:59:59,PR/0087-381145-00,Osny,3.25,0.02686887986625269
de 04:00:00 à 04:59:59,PR/0087-384008-00,Paris St Lazare,6.34,0.06376880821590637
de 04:00:00 à 04:59:59,PR/0087-386573-BV,Poissy,51.0,0.5970862192500598
de 04:00:00 à 04:59:59,PR/0087-276139-BV,Pontoise,6.67,0.06770957726295677
de 04:00:00 à 04:59:59,PR/0087-276188-00,Sannois,20.93,0.2379985669930738
de 04:00:00 à 04:59:59,PR/0087-381426-00,St Ouen l'Aumône Église,6.5,0.06567948411750657
de 04:00:00 à 04:59:59,PR/0087-381822-00,Thun le Paradis,2.67,0.01994267972295199
de 04:00:00 à 04:59:59,PR/0087-381236-00,Trie Château,5.0,0.04776689754000478
de 04:00:00 à 04:59:59,PR/0087-381806-00,Triel sur Seine,9.0,0.09553379508000956
de 04:00:00 à 04:59:59,PR/0087-381178-00,Us,1.5,0.005970862192500596
de 04:00:00 à 04:59:59,PR/0087-381814-00,Vaux sur Seine,2.63,0.019465010747551945
de 04:00:00 à 04:59:59,PR/0087-386656-BV,Vernouillet Verneuil,10.75,0.11643181275376165
de 04:00:00 à 04:59:59,PR/0087-386649-00,Villennes sur Seine,2.5,0.017912586577501794
de 04:00:00 à 04:59:59,PR/0087-386763-BV,Épône Mézières,8.78,0.09290661571530928
de 04:00:00 à 04:59:59,PR/0087-381418-BV,Éragny Neuville,15.5,0.17315500358251734
de 05:00:00 à 05:59:59,PR/0087-381848-BV,Argenteuil,40.94,0.47695247193694773
de 05:00:00 à 05:59:59,PR/0087-381137-BV,Asnières sur Seine,19.22,0.21757821829472176
de 05:00:00 à 05:59:59,PR/0087-386730-00,Aubergenville Élisabethville,12.59,0.13840458562216384
de 05:00:00 à 05:59:59,PR/0087-381079-BV,Bois Colombes,41.34,0.48172916169094826
de 05:00:00 à 05:59:59,PR/0087-381152-00,Boissy l'Aillerie,3.89,0.034511583472653456
de 05:00:00 à 05:59:59,PR/0087-381475-00,Chanteloup les Vignes,14.28,0.15858609983281588
de 05:00:00 à 05:59:59,PR/0087-381194-BV,Chars,1.0,0.0
de 05:00:00 à 05:59:59,PR/0087-381228-BV,Chaumont en Vexin,9.0,0.09553379508000956
de 05:00:00 à 05:59:59,PR/0087-381087-00,Colombes,80.18,0.9455457368043947
de 05:00:00 à 05:59:59,PR/0087-381897-BV,Conflans Ste Honorine,14.73,0.1639598758060664
de 05:00:00 à 05:59:59,PR/0087-381863-00,Cormeilles en Parisis,14.5,0.16121327919751613
de 05:00:00 à 05:59:59,PR/0087-534131-BV,Ermont Eaubonne,17.82,0.2008598041557201
de 05:00:00 à 05:59:59,PR/0087-381566-00,Gargenville,4.5,0.04179603534750419
de 05:00:00 à 05:59:59,PR/0087-381244-00,Gisors,25.9,0.29734893718652977
de 05:00:00 à 05:59:59,PR/0087-381889-00,Herblay,21.42,0.24385001194172445
de 05:00:00 à 05:59:59,PR/0087-386409-00,Houilles Carrières sur Seine,16.0,0.17912586577501793
de 05:00:00 à 05:59:59,PR/0087-381574-00,Issou Porcheville,3.75,0.032839742058753285
de 05:00:00 à 05:59:59,PR/0087-381558-00,Juziers,3.89,0.034511583472653456
de 05:00:00 à 05:59:59,PR/0087-381871-00,La Frette Montigny,9.38,0.10007165034631002
de 05:00:00 à 05:59:59,PR/0087-381095-00,Le Stade,34.16,0.3959875806066396
de 05:00:00 à 05:59:59,PR/0087-381798-00,Le Val d'Argenteuil,84.74,1.0
de 05:00:00 à 05:59:59,PR/0087-386664-00,Les Clairières de Verneuil,6.0,0.059708621925005964
de 05:00:00 à 05:59:59,PR/0087-386680-BV,Les Mureaux,35.4,0.4107953188440411
de 05:00:00 à 05:59:59,PR/0087-381582-BV,Limay,4.88,0.046333890613804635
de 05:00:00 à 05:59:59,PR/0087-381590-00,Mantes Station,3.03,0.024241700501552426
de 05:00:00 à 05:59:59,PR/0087-381509-BV,Mantes la Jolie,12.2,0.13374731311201338
de 05:00:00 à 05:59:59,PR/0087-381830-BV,Meulan Hardricourt,3.84,0.0339144972534034
de 05:00:00 à 05:59:59,PR/0087-381145-00,Osny,3.25,0.02686887986625269
de 05:00:00 à 05:59:59,PR/0087-384008-00,Paris St Lazare,6.34,0.06376880821590637
de 05:00:00 à 05:59:59,PR/0087-386573-BV,Poissy,51.0,0.5970862192500598
de 05:00:00 à 05:59:59,PR/0087-276139-BV,Pontoise,6.67,0.06770957726295677
de 05:00:00 à 05:59:59,PR/0087-276188-00,Sannois,20.93,0.2379985669930738
de 05:00:00 à 05:59:59,PR/0087-381426-00,St Ouen l'Aumône Église,6.5,0.06567948411750657
de 05:00:00 à 05:59:59,PR/0087-381822-00,Thun le Paradis,2.67,0.01994267972295199
de 05:00:00 à 05:59:59,PR/0087-381236-00,Trie Château,5.0,0.04776689754000478
de 05:00:00 à 05:59:59,PR/0087-381806-00,Triel sur Seine,9.0,0.09553379508000956
de 05:00:00 à 05:59:59,PR/0087-381178-00,Us,1.5,0.005970862192500596
de 05:00:00 à 05:59:59,PR/0087-381814-00,Vaux sur Seine,2.63,0.019465010747551945
de 05:00:00 à 05:59:59,PR/0087-386656-BV,Vernouillet Verneuil,10.75,0.11643181275376165
de 05:00:00 à 05:59:59,PR/0087-386649-00,Villennes sur Seine,2.5,0.017912586577501794
de 05:00:00 à 05:59:59,PR/0087-386763-BV,Épône Mézières,8.78,0.09290661571530928
de 05:00:00 à 05:59:59,PR/0087-381418-BV,Éragny Neuville,15.5,0.17315500358251734
de 06:00:00 à 06:59:59,PR/0087-381491-00,Andrésy,15.34,0.07828408244350632
de 06:00:00 à 06:59:59,PR/0087-381848-BV,Argenteuil,136.23,0.8287807300720138
de 06:00:00 à 06:59:59,PR/0087-381137-BV,Asnières sur Seine,121.44,0.736962999751676
de 06:00:00 à 06:59:59,PR/0087-386730-00,Aubergenville Élisabethville,31.16,0.17649615098087904
de 06:00:00 à 06:59:59,PR/0087-381079-BV,Bois Colombes,159.08,0.9706357089644897
de 06:00:00 à 06:59:59,PR/0087-381152-00,Boissy l'Aillerie,11.48,0.054320834368015894
de 06:00:00 à 06:59:59,PR/0087-381475-00,Chanteloup les Vignes,13.24,0.06524708219518251
de 06:00:00 à 06:59:59,PR/0087-381194-BV,Chars,7.39,0.02892972436056617
de 06:00:00 à 06:59:59,PR/0087-381228-BV,Chaumont en Vexin,16.24,0.08387136826421653
de 06:00:00 à 06:59:59,PR/0087-381087-00,Colombes,163.81,1.0
de 06:00:00 à 06:59:59,PR/0087-381459-BV,Conflans Fin d'Oise,7.55,0.02992301961758132
de 06:00:00 à 06:59:59,PR/0087-381897-BV,Conflans Ste Honorine,59.6,0.35305438291532154
de 06:00:00 à 06:59:59,PR/0087-381863-00,Cormeilles en Parisis,102.07,0.6167121926992798
de 06:00:00 à 06:59:59,PR/0087-534131-BV,Ermont Eaubonne,85.6,0.514464862180283
de 06:00:00 à 06:59:59,PR/0087-381566-00,Gargenville,5.29,0.015892724112242358
de 06:00:00 à 06:59:59,PR/0087-381244-00,Gisors,26.02,0.14458654084926742
de 06:00:00 à 06:59:59,PR/0087-381889-00,Herblay,82.87,0.49751676185746213
de 06:00:00 à 06:59:59,PR/0087-386409-00,Houilles Carrières sur Seine,31.36,0.17773777005214797
de 06:00:00 à 06:59:59,PR/0087-381574-00,Issou Porcheville,2.73,0.0
de 06:00:00 à 06:59:59,PR/0087-381558-00,Juziers,4.23,0.00931214303451701
de 06:00:00 à 06:59:59,PR/0087-381871-00,La Frette Montigny,36.04,0.20679165631984103
de 06:00:00 à 06:59:59,PR/0087-381202-00,La Villetertre,6.0,0.02030047181524708
de 06:00:00 à 06:59:59,PR/0087-381095-00,Le Stade,66.57,0.39632480754904387
de 06:00:00 à 06:59:59,PR/0087-381798-00,Le Val d'Argenteuil,110.58,0.6695430841817729
de 06:00:00 à 06:59:59,PR/0087-386664-00,Les Clairières de Verneuil,21.79,0.11832629749192947
de 06:00:00 à 06:59:59,PR/0087-386680-BV,Les Mureaux,119.6,0.7255401042960019
de 06:00:00 à 06:59:59,PR/0087-381210-00,Liancourt St Pierre,7.0,0.02650856717159175
de 06:00:00 à 06:59:59,PR/0087-381582-BV,Limay,4.56,0.01136081450211075
de 06:00:00 à 06:59:59,PR/0087-381590-00,Mantes Station,7.72,0.030978395828159914
de 06:00:00 à 06:59:59,PR/0087-381509-BV,Mantes la Jolie,19.62,0.10485473056866153
de 06:00:00 à 06:59:59,PR/0087-381483-00,Maurecourt,21.29,0.11522224981375712
de 06:00:00 à 06:59:59,PR/0087-381830-BV,Meulan Hardricourt,6.47,0.023218276632729073
de 06:00:00 à 06:59:59,PR/0087-381160-00,Montgeroult Courcelles,8.25,0.03426868636702259
de 06:00:00 à 06:59:59,PR/0087-381145-00,Osny,14.55,0.07337968711199404
de 06:00:00 à 06:59:59,PR/0087-384008-00,Paris St Lazare,64.4,0.382853240625776
de 06:00:00 à 06:59:59,PR/0087-386573-BV,Poissy,68.89,0.41072758877576354
de 06:00:00 à 06:59:59,PR/0087-276139-BV,Pontoise,39.5,0.2282716662527936
de 06:00:00 à 06:59:59,PR/0087-276188-00,Sannois,97.5,0.5883411969207846
de 06:00:00 à 06:59:59,PR/0087-381186-00,Santeuil Le Perchay,4.44,0.01061584305934939
de 06:00:00 à 06:59:59,PR/0087-381426-00,St Ouen l'Aumône Église,9.92,0.044636205612118195
de 06:00:00 à 06:59:59,PR/0087-381822-00,Thun le Paradis,6.43,0.02296995281847529
de 06:00:00 à 06:59:59,PR/0087-381236-00,Trie Château,4.31,0.009808790663024581
de 06:00:00 à 06:59:59,PR/0087-381806-00,Triel sur Seine,8.65,0.03675192450956046
de 06:00:00 à 06:59:59,PR/0087-381178-00,Us,12.75,0.06220511547057361
de 06:00:00 à 06:59:59,PR/0087-381814-00,Vaux sur Seine,6.12,0.021045443258008438
de 06:00:00 à 06:59:59,PR/0087-386656-BV,Vernouillet Verneuil,113.37,0.6868636702259747
de 06:00:00 à 06:59:59,PR/0087-386649-00,Villennes sur Seine,53.77,0.3168611869878321
de 06:00:00 à 06:59:59,PR/0087-386763-BV,Épône Mézières,49.35,0.28942140551278867
de 06:00:00 à 06:59:59,PR/0087-381418-BV,Éragny Neuville,15.62,0.08002234914328282
de 07:00:00 à 07:59:59,PR/0087-381491-00,Andrésy,15.34,0.07827922279471103
de 07:00:00 à 07:59:59,PR/0087-381848-BV,Argenteuil,136.23,0.8287292817679558
de 07:00:00 à 07:59:59,PR/0087-381137-BV,Asnières sur Seine,121.44,0.7369172512260227
de 07:00:00 à 07:59:59,PR/0087-386730-00,Aubergenville Élisabethville,77.98,0.4671301756781923
de 07:00:00 à 07:59:59,PR/0087-381079-BV,Bois Colombes,159.08,0.9705754547147558
de 07:00:00 à 07:59:59,PR/0087-381152-00,Boissy l'Aillerie,11.49,0.0543795393879198
de 07:00:00 à 07:59:59,PR/0087-381475-00,Chanteloup les Vignes,13.24,0.06524303184555218
de 07:00:00 à 07:59:59,PR/0087-381194-BV,Chars,7.39,0.02892792848718108
de 07:00:00 à 07:59:59,PR/0087-381228-BV,Chaumont en Vexin,16.24,0.08386616177292196
de 07:00:00 à 07:59:59,PR/0087-381087-00,Colombes,163.81,0.9999379229002421
de 07:00:00 à 07:59:59,PR/0087-381459-BV,Conflans Fin d'Oise,7.55,0.029921162083307466
de 07:00:00 à 07:59:59,PR/0087-381897-BV,Conflans Ste Honorine,59.6,0.35303246632317337
de 07:00:00 à 07:59:59,PR/0087-381863-00,Cormeilles en Parisis,102.07,0.6166739089949718
de 07:00:00 à 07:59:59,PR/0087-534131-BV,Ermont Eaubonne,85.6,0.5144329256937116
de 07:00:00 à 07:59:59,PR/0087-381566-00,Gargenville,5.29,0.015891737538022227
de 07:00:00 à 07:59:59,PR/0087-381244-00,Gisors,26.02,0.14457756533614752
de 07:00:00 à 07:59:59,PR/0087-381889-00,Herblay,82.87,0.49748587745980505
de 07:00:00 à 07:59:59,PR/0087-386409-00,Houilles Carrières sur Seine,81.58,0.4894779315910361
de 07:00:00 à 07:59:59,PR/0087-381574-00,Issou Porcheville,2.73,0.0
de 07:00:00 à 07:59:59,PR/0087-381558-00,Juziers,4.23,0.0093115649636849
de 07:00:00 à 07:59:59,PR/0087-381871-00,La Frette Montigny,36.04,0.20677881929356262
de 07:00:00 à 07:59:59,PR/0087-381202-00,La Villetertre,6.0,0.020299211620833077
de 07:00:00 à 07:59:59,PR/0087-381095-00,Le Stade,66.57,0.39630020485442913
de 07:00:00 à 07:59:59,PR/0087-381798-00,Le Val d'Argenteuil,110.58,0.6695015208889441
de 07:00:00 à 07:59:59,PR/0087-386664-00,Les Clairières de Verneuil,42.32,0.24576323794152338
de 07:00:00 à 07:59:59,PR/0087-386680-BV,Les Mureaux,163.82,1.0
de 07:00:00 à 07:59:59,PR/0087-381210-00,Liancourt St Pierre,7.0,0.026506921596623004
de 07:00:00 à 07:59:59,PR/0087-381582-BV,Limay,4.56,0.011360109255695573
de 07:00:00 à 07:59:59,PR/0087-381590-00,Mantes Station,11.48,0.054317462288161894
de 07:00:00 à 07:59:59,PR/0087-381509-BV,Mantes la Jolie,22.18,0.12073995902911415
de 07:00:00 à 07:59:59,PR/0087-381483-00,Maurecourt,21.29,0.11521509715066112
de 07:00:00 à 07:59:59,PR/0087-381830-BV,Meulan Hardricourt,6.47,0.023216835309454342
de 07:00:00 à 07:59:59,PR/0087-381160-00,Montgeroult Courcelles,8.25,0.03426655906636042
de 07:00:00 à 07:59:59,PR/0087-381145-00,Osny,14.55,0.07337513191383699
de 07:00:00 à 07:59:59,PR/0087-384008-00,Paris St Lazare,70.06,0.4179651126699361
de 07:00:00 à 07:59:59,PR/0087-386573-BV,Poissy,115.97,0.7029610776584518
de 07:00:00 à 07:59:59,PR/0087-276139-BV,Pontoise,39.5,0.22825749580979576
de 07:00:00 à 07:59:59,PR/0087-276188-00,Sannois,97.49,0.5882425973058539
de 07:00:00 à 07:59:59,PR/0087-381186-00,Santeuil Le Perchay,4.44,0.010615184058600784
de 07:00:00 à 07:59:59,PR/0087-381426-00,St Ouen l'Aumône Église,9.92,0.04463343472592961
de 07:00:00 à 07:59:59,PR/0087-381822-00,Thun le Paradis,6.43,0.022968526910422747
de 07:00:00 à 07:59:59,PR/0087-381236-00,Trie Château,4.31,0.00980818176174809
de 07:00:00 à 07:59:59,PR/0087-381806-00,Triel sur Seine,8.65,0.0367496430566764
de 07:00:00 à 07:59:59,PR/0087-381178-00,Us,12.75,0.062201253957415104
de 07:00:00 à 07:59:59,PR/0087-381814-00,Vaux sur Seine,6.12,0.02104413681792787
de 07:00:00 à 07:59:59,PR/0087-386656-BV,Vernouillet Verneuil,130.81,0.7950834936991744
de 07:00:00 à 07:59:59,PR/0087-386649-00,Villennes sur Seine,62.08,0.3684275870631324
de 07:00:00 à 07:59:59,PR/0087-386763-BV,Épône Mézières,51.38,0.30200509032218015
de 07:00:00 à 07:59:59,PR/0087-381418-BV,Éragny Neuville,15.62,0.0800173815879322
de 08:00:00 à 08:59:59,PR/0087-381491-00,Andrésy,15.34,0.07828408244350632
de 08:00:00 à 08:59:59,PR/0087-381848-BV,Argenteuil,136.23,0.8287807300720138
de 08:00:00 à 08:59:59,PR/0087-381137-BV,Asnières sur Seine,121.44,0.736962999751676
de 08:00:00 à 08:59:59,PR/0087-386730-00,Aubergenville Élisabethville,48.82,0.28613111497392596
de 08:00:00 à 08:59:59,PR/0087-381079-BV,Bois Colombes,159.08,0.9706357089644897
de 08:00:00 à 08:59:59,PR/0087-381152-00,Boissy l'Aillerie,11.48,0.054320834368015894
de 08:00:00 à 08:59:59,PR/0087-381475-00,Chanteloup les Vignes,13.24,0.06524708219518251
de 08:00:00 à 08:59:59,PR/0087-381194-BV,Chars,7.39,0.02892972436056617
de 08:00:00 à 08:59:59,PR/0087-381228-BV,Chaumont en Vexin,16.24,0.08387136826421653
de 08:00:00 à 08:59:59,PR/0087-381087-00,Colombes,163.81,1.0
de 08:00:00 à 08:59:59,PR/0087-381459-BV,Conflans Fin d'Oise,7.55,0.02992301961758132
de 08:00:00 à 08:59:59,PR/0087-381897-BV,Conflans Ste Honorine,59.6,0.35305438291532154
de 08:00:00 à 08:59:59,PR/0087-381863-00,Cormeilles en Parisis,102.07,0.6167121926992798
de 08:00:00 à 08:59:59,PR/0087-534131-BV,Ermont Eaubonne,85.6,0.514464862180283
de 08:00:00 à 08:59:59,PR/0087-381566-00,Gargenville,5.29,0.015892724112242358
de 08:00:00 à 08:59:59,PR/0087-381244-00,Gisors,26.02,0.14458654084926742
de 08:00:00 à 08:59:59,PR/0087-381889-00,Herblay,82.87,0.49751676185746213
de 08:00:00 à 08:59:59,PR/0087-386409-00,Houilles Carrières sur Seine,81.66,0.49000496647628505
de 08:00:00 à 08:59:59,PR/0087-381574-00,Issou Porcheville,2.73,0.0
de 08:00:00 à 08:59:59,PR/0087-381558-00,Juziers,4.23,0.00931214303451701
de 08:00:00 à 08:59:59,PR/0087-381871-00,La Frette Montigny,36.04,0.20679165631984103
de 08:00:00 à 08:59:59,PR/0087-381202-00,La Villetertre,6.0,0.02030047181524708
de 08:00:00 à 08:59:59,PR/0087-381095-00,Le Stade,66.57,0.39632480754904387
de 08:00:00 à 08:59:59,PR/0087-381798-00,Le Val d'Argenteuil,110.58,0.6695430841817729
de 08:00:00 à 08:59:59,PR/0087-386664-00,Les Clairières de Verneuil,119.84,0.7270300471815248
de 08:00:00 à 08:59:59,PR/0087-386680-BV,Les Mureaux,162.81,0.9937919046436552
de 08:00:00 à 08:59:59,PR/0087-381210-00,Liancourt St Pierre,7.0,0.02650856717159175
de 08:00:00 à 08:59:59,PR/0087-381582-BV,Limay,4.56,0.01136081450211075
de 08:00:00 à 08:59:59,PR/0087-381590-00,Mantes Station,7.37,0.02880556245343928
de 08:00:00 à 08:59:59,PR/0087-381509-BV,Mantes la Jolie,20.47,0.11013161162155449
de 08:00:00 à 08:59:59,PR/0087-381483-00,Maurecourt,21.29,0.11522224981375712
de 08:00:00 à 08:59:59,PR/0087-381830-BV,Meulan Hardricourt,6.47,0.023218276632729073
de 08:00:00 à 08:59:59,PR/0087-381160-00,Montgeroult Courcelles,8.25,0.03426868636702259
de 08:00:00 à 08:59:59,PR/0087-381145-00,Osny,14.55,0.07337968711199404
de 08:00:00 à 08:59:59,PR/0087-384008-00,Paris St Lazare,64.89,0.38589520735038485
de 08:00:00 à 08:59:59,PR/0087-386573-BV,Poissy,148.76,0.9065681648870125
de 08:00:00 à 08:59:59,PR/0087-276139-BV,Pontoise,39.5,0.2282716662527936
de 08:00:00 à 08:59:59,PR/0087-276188-00,Sannois,97.49,0.5882791159672212
de 08:00:00 à 08:59:59,PR/0087-381186-00,Santeuil Le Perchay,4.44,0.01061584305934939
de 08:00:00 à 08:59:59,PR/0087-381426-00,St Ouen l'Aumône Église,9.92,0.044636205612118195
de 08:00:00 à 08:59:59,PR/0087-381822-00,Thun le Paradis,6.43,0.02296995281847529
de 08:00:00 à 08:59:59,PR/0087-381236-00,Trie Château,4.31,0.009808790663024581
de 08:00:00 à 08:59:59,PR/0087-381806-00,Triel sur Seine,8.65,0.03675192450956046
de 08:00:00 à 08:59:59,PR/0087-381178-00,Us,12.75,0.06220511547057361
de 08:00:00 à 08:59:59,PR/0087-381814-00,Vaux sur Seine,6.12,0.021045443258008438
de 08:00:00 à 08:59:59,PR/0087-386656-BV,Vernouillet Verneuil,142.39,0.8670225974670969
de 08:00:00 à 08:59:59,PR/0087-386649-00,Villennes sur Seine,92.11,0.5548795629500869
de 08:00:00 à 08:59:59,PR/0087-386763-BV,Épône Mézières,53.9,0.3176682393841569
de 08:00:00 à 08:59:59,PR/0087-381418-BV,Éragny Neuville,15.62,0.08002234914328282
de 09:00:00 à 09:59:59,PR/0087-381491-00,Andrésy,15.34,0.07828408244350632
de 09:00:00 à 09:59:59,PR/0087-381848-BV,Argenteuil,136.23,0.8287807300720138
de 09:00:00 à 09:59:59,PR/0087-381137-BV,Asnières sur Seine,121.44,0.736962999751676
de 09:00:00 à 09:59:59,PR/0087-386730-00,Aubergenville Élisabethville,30.63,0.17320586044201636
de 09:00:00 à 09:59:59,PR/0087-381079-BV,Bois Colombes,159.08,0.9706357089644897
de 09:00:00 à 09:59:59,PR/0087-381152-00,Boissy l'Aillerie,11.49,0.054382915321579336
de 09:00:00 à 09:59:59,PR/0087-381475-00,Chanteloup les Vignes,13.24,0.06524708219518251
de 09:00:00 à 09:59:59,PR/0087-381194-BV,Chars,7.39,0.02892972436056617
de 09:00:00 à 09:59:59,PR/0087-381228-BV,Chaumont en Vexin,16.24,0.08387136826421653
de 09:00:00 à 09:59:59,PR/0087-381087-00,Colombes,163.81,1.0
de 09:00:00 à 09:59:59,PR/0087-381459-BV,Conflans Fin d'Oise,7.55,0.02992301961758132
de 09:00:00 à 09:59:59,PR/0087-381897-BV,Conflans Ste Honorine,59.6,0.35305438291532154
de 09:00:00 à 09:59:59,PR/0087-381863-00,Cormeilles en Parisis,102.07,0.6167121926992798
de 09:00:00 à 09:59:59,PR/0087-534131-BV,Ermont Eaubonne,85.6,0.514464862180283
de 09:00:00 à 09:59:59,PR/0087-381566-00,Gargenville,5.28,0.015830643158678916
de 09:00:00 à 09:59:59,PR/0087-381244-00,Gisors,26.02,0.14458654084926742
de 09:00:00 à 09:59:59,PR/0087-381889-00,Herblay,82.87,0.49751676185746213
de 09:00:00 à 09:59:59,PR/0087-386409-00,Houilles Carrières sur Seine,41.13,0.23839086168363544
de 09:00:00 à 09:59:59,PR/0087-381574-00,Issou Porcheville,2.73,0.0
de 09:00:00 à 09:59:59,PR/0087-381558-00,Juziers,4.23,0.00931214303451701
de 09:00:00 à 09:59:59,PR/0087-381871-00,La Frette Montigny,36.04,0.20679165631984103
de 09:00:00 à 09:59:59,PR/0087-381202-00,La Villetertre,6.0,0.02030047181524708
de 09:00:00 à 09:59:59,PR/0087-381095-00,Le Stade,66.57,0.39632480754904387
de 09:00:00 à 09:59:59,PR/0087-381798-00,Le Val d'Argenteuil,110.58,0.6695430841817729
de 09:00:00 à 09:59:59,PR/0087-386664-00,Les Clairières de Verneuil,48.42,0.2836478768313881
de 09:00:00 à 09:59:59,PR/0087-386680-BV,Les Mureaux,70.73,0.42215048423143775
de 09:00:00 à 09:59:59,PR/0087-381210-00,Liancourt St Pierre,7.0,0.02650856717159175
de 09:00:00 à 09:59:59,PR/0087-381582-BV,Limay,4.56,0.01136081450211075
de 09:00:00 à 09:59:59,PR/0087-381590-00,Mantes Station,6.18,0.02141792897938912
de 09:00:00 à 09:59:59,PR/0087-381509-BV,Mantes la Jolie,14.18,0.0710826918301465
de 09:00:00 à 09:59:59,PR/0087-381483-00,Maurecourt,21.29,0.11522224981375712
de 09:00:00 à 09:59:59,PR/0087-381830-BV,Meulan Hardricourt,6.47,0.023218276632729073
de 09:00:00 à 09:59:59,PR/0087-381160-00,Montgeroult Courcelles,8.25,0.03426868636702259
de 09:00:00 à 09:59:59,PR/0087-381145-00,Osny,14.55,0.07337968711199404
de 09:00:00 à 09:59:59,PR/0087-384008-00,Paris St Lazare,63.19,0.3753414452445989
de 09:00:00 à 09:59:59,PR/0087-386573-BV,Poissy,63.78,0.37900422150484225
de 09:00:00 à 09:59:59,PR/0087-276139-BV,Pontoise,39.5,0.2282716662527936
de 09:00:00 à 09:59:59,PR/0087-276188-00,Sannois,97.5,0.5883411969207846
de 09:00:00 à 09:59:59,PR/0087-381186-00,Santeuil Le Perchay,4.44,0.01061584305934939
de 09:00:00 à 09:59:59,PR/0087-381426-00,St Ouen l'Aumône Église,9.92,0.044636205612118195
de 09:00:00 à 09:59:59,PR/0087-381822-00,Thun le Paradis,6.43,0.02296995281847529
de 09:00:00 à 09:59:59,PR/0087-381236-00,Trie Château,4.31,0.009808790663024581
de 09:00:00 à 09:59:59,PR/0087-381806-00,Triel sur Seine,8.65,0.03675192450956046
de 09:00:00 à 09:59:59,PR/0087-381178-00,Us,12.75,0.06220511547057361
de 09:00:00 à 09:59:59,PR/0087-381814-00,Vaux sur Seine,6.12,0.021045443258008438
de 09:00:00 à 09:59:59,PR/0087-386656-BV,Vernouillet Verneuil,101.56,0.6135460640675441
de 09:00:00 à 09:59:59,PR/0087-386649-00,Villennes sur Seine,48.39,0.28346163397069774
de 09:00:00 à 09:59:59,PR/0087-386763-BV,Épône Mézières,35.18,0.20145269431338464
de 09:00:00 à 09:59:59,PR/0087-381418-BV,Éragny Neuville,15.62,0.08002234914328282
de 10:00:00 à 10:59:59,PR/0087-381491-00,Andrésy,4.03,0.049616066154754876
de 10:00:00 à 10:59:59,PR/0087-381848-BV,Argenteuil,36.02,0.5220023626698169
de 10:00:00 à 10:59:59,PR/0087-381137-BV,Asnières sur Seine,39.5,0.5733904311872415
de 10:00:00 à 10:59:59,PR/0087-386730-00,Aubergenville Élisabethville,41.18,0.598198464264619
de 10:00:00 à 10:59:59,PR/0087-381079-BV,Bois Colombes,47.89,0.6972829297105729
de 10:00:00 à 10:59:59,PR/0087-381152-00,Boissy l'Aillerie,1.31,0.009450679267572357
de 10:00:00 à 10:59:59,PR/0087-381475-00,Chanteloup les Vignes,5.93,0.0776727702303603
de 10:00:00 à 10:59:59,PR/0087-381194-BV,Chars,1.39,0.0106320141760189
de 10:00:00 à 10:59:59,PR/0087-381228-BV,Chaumont en Vexin,0.67,0.0
de 10:00:00 à 10:59:59,PR/0087-381087-00,Colombes,61.03,0.891317188422918
de 10:00:00 à 10:59:59,PR/0087-381459-BV,Conflans Fin d'Oise,3.49,0.041642055522740695
de 10:00:00 à 10:59:59,PR/0087-381897-BV,Conflans Ste Honorine,12.49,0.17454223272297698
de 10:00:00 à 10:59:59,PR/0087-381863-00,Cormeilles en Parisis,18.97,0.2702303603071471
de 10:00:00 à 10:59:59,PR/0087-534131-BV,Ermont Eaubonne,28.8,0.41538688718251626
de 10:00:00 à 10:59:59,PR/0087-381566-00,Gargenville,1.46,0.011665682220909628
de 10:00:00 à 10:59:59,PR/0087-381244-00,Gisors,1.96,0.01904902539870053
de 10:00:00 à 10:59:59,PR/0087-381889-00,Herblay,26.5,0.3814235085646781
de 10:00:00 à 10:59:59,PR/0087-386409-00,Houilles Carrières sur Seine,16.35,0.23154164205552277
de 10:00:00 à 10:59:59,PR/0087-381574-00,Issou Porcheville,2.11,0.021264028352037802
de 10:00:00 à 10:59:59,PR/0087-381558-00,Juziers,1.7,0.015209686946249263
de 10:00:00 à 10:59:59,PR/0087-381871-00,La Frette Montigny,6.69,0.08889545186060249
de 10:00:00 à 10:59:59,PR/0087-381095-00,Le Stade,41.22,0.5987891317188423
de 10:00:00 à 10:59:59,PR/0087-381798-00,Le Val d'Argenteuil,35.23,0.5103366804489072
de 10:00:00 à 10:59:59,PR/0087-386664-00,Les Clairières de Verneuil,16.0,0.22637330183106913
de 10:00:00 à 10:59:59,PR/0087-386680-BV,Les Mureaux,68.39,1.0
de 10:00:00 à 10:59:59,PR/0087-381210-00,Liancourt St Pierre,2.17,0.022150029533372712
de 10:00:00 à 10:59:59,PR/0087-381582-BV,Limay,5.6,0.0727997637330183
de 10:00:00 à 10:59:59,PR/0087-381590-00,Mantes Station,7.06,0.09435912581216774
de 10:00:00 à 10:59:59,PR/0087-381509-BV,Mantes la Jolie,9.97,0.13733018310691084
de 10:00:00 à 10:59:59,PR/0087-381483-00,Maurecourt,4.72,0.05980507974010632
de 10:00:00 à 10:59:59,PR/0087-381830-BV,Meulan Hardricourt,2.56,0.027909037212049615
de 10:00:00 à 10:59:59,PR/0087-381145-00,Osny,2.56,0.027909037212049615
de 10:00:00 à 10:59:59,PR/0087-384008-00,Paris St Lazare,52.99,0.7725930301240402
de 10:00:00 à 10:59:59,PR/0087-386573-BV,Poissy,54.43,0.7938570584760779
de 10:00:00 à 10:59:59,PR/0087-276139-BV,Pontoise,7.77,0.10484347312463083
de 10:00:00 à 10:59:59,PR/0087-276188-00,Sannois,19.5,0.27805670407560545
de 10:00:00 à 10:59:59,PR/0087-381426-00,St Ouen l'Aumône Église,2.51,0.027170702894270527
de 10:00:00 à 10:59:59,PR/0087-381822-00,Thun le Paradis,1.8,0.016686355581807442
de 10:00:00 à 10:59:59,PR/0087-381236-00,Trie Château,1.25,0.00856467808623745
de 10:00:00 à 10:59:59,PR/0087-381806-00,Triel sur Seine,3.77,0.04577672770230361
de 10:00:00 à 10:59:59,PR/0087-381814-00,Vaux sur Seine,1.17,0.007383343177790904
de 10:00:00 à 10:59:59,PR/0087-386656-BV,Vernouillet Verneuil,36.75,0.5327820437093916
de 10:00:00 à 10:59:59,PR/0087-386649-00,Villennes sur Seine,28.13,0.40549320732427646
de 10:00:00 à 10:59:59,PR/0087-386763-BV,Épône Mézières,13.04,0.18266391021854697
de 10:00:00 à 10:59:59,PR/0087-381418-BV,Éragny Neuville,2.66,0.029385705847607798
de 11:00:00 à 11:59:59,PR/0087-381491-00,Andrésy,4.03,0.04015296367112811
de 11:00:00 à 11:59:59,PR/0087-381848-BV,Argenteuil,36.02,0.42244263862332704
de 11:00:00 à 11:59:59,PR/0087-381137-BV,Asnières sur Seine,39.5,0.46402963671128117
de 11:00:00 à 11:59:59,PR/0087-386730-00,Aubergenville Élisabethville,14.25,0.1622848948374761
de 11:00:00 à 11:59:59,PR/0087-381079-BV,Bois Colombes,47.89,0.5642925430210325
de 11:00:00 à 11:59:59,PR/0087-381152-00,Boissy l'Aillerie,1.31,0.007648183556405355
de 11:00:00 à 11:59:59,PR/0087-381475-00,Chanteloup les Vignes,5.93,0.06285850860420651
de 11:00:00 à 11:59:59,PR/0087-381194-BV,Chars,1.39,0.008604206500956023
de 11:00:00 à 11:59:59,PR/0087-381228-BV,Chaumont en Vexin,0.67,0.0
de 11:00:00 à 11:59:59,PR/0087-381087-00,Colombes,61.03,0.72131931166348
de 11:00:00 à 11:59:59,PR/0087-381459-BV,Conflans Fin d'Oise,3.49,0.033699808795411096
de 11:00:00 à 11:59:59,PR/0087-381897-BV,Conflans Ste Honorine,12.49,0.14125239005736137
de 11:00:00 à 11:59:59,PR/0087-381863-00,Cormeilles en Parisis,18.97,0.21869024856596558
de 11:00:00 à 11:59:59,PR/0087-534131-BV,Ermont Eaubonne,28.8,0.33616156787762913
de 11:00:00 à 11:59:59,PR/0087-381566-00,Gargenville,1.46,0.009440726577437858
de 11:00:00 à 11:59:59,PR/0087-381244-00,Gisors,1.96,0.015415869980879543
de 11:00:00 à 11:59:59,PR/0087-381889-00,Herblay,26.5,0.30867590822179736
de 11:00:00 à 11:59:59,PR/0087-386409-00,Houilles Carrières sur Seine,11.98,0.13515774378585088
de 11:00:00 à 11:59:59,PR/0087-381574-00,Issou Porcheville,2.11,0.017208413001912046
de 11:00:00 à 11:59:59,PR/0087-381558-00,Juziers,1.7,0.012308795411089868
de 11:00:00 à 11:59:59,PR/0087-381871-00,La Frette Montigny,6.69,0.07194072657743787
de 11:00:00 à 11:59:59,PR/0087-381095-00,Le Stade,41.22,0.48458413001912054
de 11:00:00 à 11:59:59,PR/0087-381798-00,Le Val d'Argenteuil,35.23,0.41300191204588915
de 11:00:00 à 11:59:59,PR/0087-386664-00,Les Clairières de Verneuil,7.11,0.07695984703632888
de 11:00:00 à 11:59:59,PR/0087-386680-BV,Les Mureaux,84.35,1.0
de 11:00:00 à 11:59:59,PR/0087-381210-00,Liancourt St Pierre,2.17,0.017925430210325048
de 11:00:00 à 11:59:59,PR/0087-381582-BV,Limay,5.6,0.058914913957934995
de 11:00:00 à 11:59:59,PR/0087-381590-00,Mantes Station,3.87,0.038240917782026776
de 11:00:00 à 11:59:59,PR/0087-381509-BV,Mantes la Jolie,17.08,0.196104206500956
de 11:00:00 à 11:59:59,PR/0087-381483-00,Maurecourt,4.72,0.04839866156787763
de 11:00:00 à 11:59:59,PR/0087-381830-BV,Meulan Hardricourt,2.56,0.022586042065009564
de 11:00:00 à 11:59:59,PR/0087-381145-00,Osny,2.56,0.022586042065009564
de 11:00:00 à 11:59:59,PR/0087-384008-00,Paris St Lazare,52.31,0.617112810707457
de 11:00:00 à 11:59:59,PR/0087-386573-BV,Poissy,37.1,0.43534894837476107
de 11:00:00 à 11:59:59,PR/0087-276139-BV,Pontoise,7.77,0.0848470363288719
de 11:00:00 à 11:59:59,PR/0087-276188-00,Sannois,19.5,0.2250239005736138
de 11:00:00 à 11:59:59,PR/0087-381426-00,St Ouen l'Aumône Église,2.51,0.02198852772466539
de 11:00:00 à 11:59:59,PR/0087-381822-00,Thun le Paradis,1.8,0.013503824091778204
de 11:00:00 à 11:59:59,PR/0087-381236-00,Trie Château,1.25,0.006931166347992353
de 11:00:00 à 11:59:59,PR/0087-381806-00,Triel sur Seine,3.77,0.037045889101338436
de 11:00:00 à 11:59:59,PR/0087-381814-00,Vaux sur Seine,1.17,0.005975143403441682
de 11:00:00 à 11:59:59,PR/0087-386656-BV,Vernouillet Verneuil,27.92,0.32564531548757175
de 11:00:00 à 11:59:59,PR/0087-386649-00,Villennes sur Seine,24.88,0.2893164435946463
de 11:00:00 à 11:59:59,PR/0087-386763-BV,Épône Mézières,7.57,0.08245697896749524
de 11:00:00 à 11:59:59,PR/0087-381418-BV,Éragny Neuville,2.66,0.023781070745697897
de 12:00:00 à 12:59:59,PR/0087-381491-00,Andrésy,4.03,0.055666003976143144
de 12:00:00 à 12:59:59,PR/0087-381848-BV,Argenteuil,36.02,0.5856527501656726
de 12:00:00 à 12:59:59,PR/0087-381137-BV,Asnières sur Seine,39.5,0.6433068257123923
de 12:00:00 à 12:59:59,PR/0087-386730-00,Aubergenville Élisabethville,7.72,0.11679920477137176
de 12:00:00 à 12:59:59,PR/0087-381079-BV,Bois Colombes,47.89,0.7823061630218688
de 12:00:00 à 12:59:59,PR/0087-381152-00,Boissy l'Aillerie,1.31,0.010603048376408216
de 12:00:00 à 12:59:59,PR/0087-381475-00,Chanteloup les Vignes,5.93,0.08714380384360502
de 12:00:00 à 12:59:59,PR/0087-381194-BV,Chars,1.39,0.011928429423459242
de 12:00:00 à 12:59:59,PR/0087-381228-BV,Chaumont en Vexin,0.67,0.0
de 12:00:00 à 12:59:59,PR/0087-381087-00,Colombes,61.03,1.0
de 12:00:00 à 12:59:59,PR/0087-381459-BV,Conflans Fin d'Oise,3.49,0.04671968190854871
de 12:00:00 à 12:59:59,PR/0087-381897-BV,Conflans Ste Honorine,12.49,0.19582504970178927
de 12:00:00 à 12:59:59,PR/0087-381863-00,Cormeilles en Parisis,18.97,0.30318091451292245
de 12:00:00 à 12:59:59,PR/0087-534131-BV,Ermont Eaubonne,28.8,0.4660371106693174
de 12:00:00 à 12:59:59,PR/0087-381566-00,Gargenville,1.46,0.013088137839628892
de 12:00:00 à 12:59:59,PR/0087-381244-00,Gisors,1.95,0.021206096752816428
de 12:00:00 à 12:59:59,PR/0087-381889-00,Herblay,26.5,0.4279324055666004
de 12:00:00 à 12:59:59,PR/0087-386409-00,Houilles Carrières sur Seine,19.22,0.3073227302849569
de 12:00:00 à 12:59:59,PR/0087-381574-00,Issou Porcheville,2.11,0.02385685884691848
de 12:00:00 à 12:59:59,PR/0087-381558-00,Juziers,1.7,0.01706428098078197
de 12:00:00 à 12:59:59,PR/0087-381871-00,La Frette Montigny,6.69,0.09973492379058979
de 12:00:00 à 12:59:59,PR/0087-381095-00,Le Stade,41.22,0.6718025182239894
de 12:00:00 à 12:59:59,PR/0087-381798-00,Le Val d'Argenteuil,35.23,0.5725646123260437
de 12:00:00 à 12:59:59,PR/0087-386664-00,Les Clairières de Verneuil,14.22,0.22448641484426773
de 12:00:00 à 12:59:59,PR/0087-386680-BV,Les Mureaux,43.03,0.7017892644135189
de 12:00:00 à 12:59:59,PR/0087-381210-00,Liancourt St Pierre,2.17,0.024850894632206758
de 12:00:00 à 12:59:59,PR/0087-381582-BV,Limay,5.6,0.08167660702451954
de 12:00:00 à 12:59:59,PR/0087-381590-00,Mantes Station,4.52,0.06378396288933068
de 12:00:00 à 12:59:59,PR/0087-381509-BV,Mantes la Jolie,18.16,0.2897614314115308
de 12:00:00 à 12:59:59,PR/0087-381483-00,Maurecourt,4.72,0.06709741550695825
de 12:00:00 à 12:59:59,PR/0087-381830-BV,Meulan Hardricourt,2.56,0.031312127236580514
de 12:00:00 à 12:59:59,PR/0087-381145-00,Osny,2.56,0.031312127236580514
de 12:00:00 à 12:59:59,PR/0087-384008-00,Paris St Lazare,51.56,0.8431080185553347
de 12:00:00 à 12:59:59,PR/0087-386573-BV,Poissy,40.08,0.6529158383035122
de 12:00:00 à 12:59:59,PR/0087-276139-BV,Pontoise,7.77,0.11762756792577864
de 12:00:00 à 12:59:59,PR/0087-276188-00,Sannois,19.5,0.31196156394963553
de 12:00:00 à 12:59:59,PR/0087-381426-00,St Ouen l'Aumône Église,2.51,0.03048376408217362
de 12:00:00 à 12:59:59,PR/0087-381822-00,Thun le Paradis,1.8,0.018721007289595755
de 12:00:00 à 12:59:59,PR/0087-381236-00,Trie Château,1.25,0.009609012591119947
de 12:00:00 à 12:59:59,PR/0087-381806-00,Triel sur Seine,3.77,0.0513585155732273
de 12:00:00 à 12:59:59,PR/0087-381814-00,Vaux sur Seine,1.17,0.008283631544068916
de 12:00:00 à 12:59:59,PR/0087-386656-BV,Vernouillet Verneuil,10.58,0.16418157720344598
de 12:00:00 à 12:59:59,PR/0087-386649-00,Villennes sur Seine,4.8,0.06842279655400928
de 12:00:00 à 12:59:59,PR/0087-386763-BV,Épône Mézières,5.53,0.0805168986083499
de 12:00:00 à 12:59:59,PR/0087-381418-BV,Éragny Neuville,2.66,0.0329688535453943
de 13:00:00 à 13:59:59,PR/0087-381491-00,Andrésy,4.03,0.055666003976143144
de 13:00:00 à 13:59:59,PR/0087-381848-BV,Argenteuil,36.02,0.5856527501656726
de 13:00:00 à 13:59:59,PR/0087-381137-BV,Asnières sur Seine,39.5,0.6433068257123923
de 13:00:00 à 13:59:59,PR/0087-386730-00,Aubergenville Élisabethville,6.53,0.09708416169648774
de 13:00:00 à 13:59:59,PR/0087-381079-BV,Bois Colombes,47.89,0.7823061630218688
de 13:00:00 à 13:59:59,PR/0087-381152-00,Boissy l'Aillerie,1.31,0.010603048376408216
de 13:00:00 à 13:59:59,PR/0087-381475-00,Chanteloup les Vignes,5.93,0.08714380384360502
de 13:00:00 à 13:59:59,PR/0087-381194-BV,Chars,1.39,0.011928429423459242
de 13:00:00 à 13:59:59,PR/0087-381228-BV,Chaumont en Vexin,0.67,0.0
de 13:00:00 à 13:59:59,PR/0087-381087-00,Colombes,61.03,1.0
de 13:00:00 à 13:59:59,PR/0087-381459-BV,Conflans Fin d'Oise,3.49,0.04671968190854871
de 13:00:00 à 13:59:59,PR/0087-381897-BV,Conflans Ste Honorine,12.49,0.19582504970178927
de 13:00:00 à 13:59:59,PR/0087-381863-00,Cormeilles en Parisis,18.97,0.30318091451292245
de 13:00:00 à 13:59:59,PR/0087-534131-BV,Ermont Eaubonne,28.8,0.4660371106693174
de 13:00:00 à 13:59:59,PR/0087-381566-00,Gargenville,1.46,0.013088137839628892
de 13:00:00 à 13:59:59,PR/0087-381244-00,Gisors,1.96,0.02137176938369781
de 13:00:00 à 13:59:59,PR/0087-381889-00,Herblay,26.5,0.4279324055666004
de 13:00:00 à 13:59:59,PR/0087-386409-00,Houilles Carrières sur Seine,15.46,0.24502982107355864
de 13:00:00 à 13:59:59,PR/0087-381574-00,Issou Porcheville,2.11,0.02385685884691848
de 13:00:00 à 13:59:59,PR/0087-381558-00,Juziers,1.7,0.01706428098078197
de 13:00:00 à 13:59:59,PR/0087-381871-00,La Frette Montigny,6.69,0.09973492379058979
de 13:00:00 à 13:59:59,PR/0087-381095-00,Le Stade,41.22,0.6718025182239894
de 13:00:00 à 13:59:59,PR/0087-381798-00,Le Val d'Argenteuil,35.23,0.5725646123260437
de 13:00:00 à 13:59:59,PR/0087-386664-00,Les Clairières de Verneuil,7.11,0.10669317428760769
de 13:00:00 à 13:59:59,PR/0087-381210-00,Liancourt St Pierre,2.17,0.024850894632206758
de 13:00:00 à 13:59:59,PR/0087-381582-BV,Limay,5.6,0.08167660702451954
de 13:00:00 à 13:59:59,PR/0087-381590-00,Mantes Station,4.78,0.06809145129224652
de 13:00:00 à 13:59:59,PR/0087-381509-BV,Mantes la Jolie,10.68,0.16583830351225975
de 13:00:00 à 13:59:59,PR/0087-381483-00,Maurecourt,4.72,0.06709741550695825
de 13:00:00 à 13:59:59,PR/0087-381830-BV,Meulan Hardricourt,2.56,0.031312127236580514
de 13:00:00 à 13:59:59,PR/0087-381145-00,Osny,2.56,0.031312127236580514
de 13:00:00 à 13:59:59,PR/0087-384008-00,Paris St Lazare,54.58,0.8931411530815109
de 13:00:00 à 13:59:59,PR/0087-386573-BV,Poissy,32.72,0.5309807819748177
de 13:00:00 à 13:59:59,PR/0087-276139-BV,Pontoise,7.77,0.11762756792577864
de 13:00:00 à 13:59:59,PR/0087-276188-00,Sannois,19.5,0.31196156394963553
de 13:00:00 à 13:59:59,PR/0087-381426-00,St Ouen l'Aumône Église,2.51,0.03048376408217362
de 13:00:00 à 13:59:59,PR/0087-381822-00,Thun le Paradis,1.8,0.018721007289595755
de 13:00:00 à 13:59:59,PR/0087-381236-00,Trie Château,1.25,0.009609012591119947
de 13:00:00 à 13:59:59,PR/0087-381806-00,Triel sur Seine,3.77,0.0513585155732273
de 13:00:00 à 13:59:59,PR/0087-381814-00,Vaux sur Seine,1.17,0.008283631544068916
de 13:00:00 à 13:59:59,PR/0087-386656-BV,Vernouillet Verneuil,23.17,0.37276341948310143
de 13:00:00 à 13:59:59,PR/0087-386649-00,Villennes sur Seine,13.15,0.20675944333996024
de 13:00:00 à 13:59:59,PR/0087-386763-BV,Épône Mézières,6.73,0.10039761431411531
de 13:00:00 à 13:59:59,PR/0087-381418-BV,Éragny Neuville,2.66,0.0329688535453943
de 14:00:00 à 14:59:59,PR/0087-381491-00,Andrésy,4.03,0.055666003976143144
de 14:00:00 à 14:59:59,PR/0087-381848-BV,Argenteuil,36.02,0.5856527501656726
de 14:00:00 à 14:59:59,PR/0087-381137-BV,Asnières sur Seine,39.5,0.6433068257123923
de 14:00:00 à 14:59:59,PR/0087-386730-00,Aubergenville Élisabethville,12.71,0.1994698475811796
de 14:00:00 à 14:59:59,PR/0087-381079-BV,Bois Colombes,47.89,0.7823061630218688
de 14:00:00 à 14:59:59,PR/0087-381152-00,Boissy l'Aillerie,1.31,0.010603048376408216
de 14:00:00 à 14:59:59,PR/0087-381475-00,Chanteloup les Vignes,5.93,0.08714380384360502
de 14:00:00 à 14:59:59,PR/0087-381194-BV,Chars,1.39,0.011928429423459242
de 14:00:00 à 14:59:59,PR/0087-381228-BV,Chaumont en Vexin,0.67,0.0
de 14:00:00 à 14:59:59,PR/0087-381087-00,Colombes,61.03,1.0
de 14:00:00 à 14:59:59,PR/0087-381459-BV,Conflans Fin d'Oise,3.49,0.04671968190854871
de 14:00:00 à 14:59:59,PR/0087-381897-BV,Conflans Ste Honorine,12.49,0.19582504970178927
de 14:00:00 à 14:59:59,PR/0087-381863-00,Cormeilles en Parisis,18.97,0.30318091451292245
de 14:00:00 à 14:59:59,PR/0087-534131-BV,Ermont Eaubonne,28.8,0.4660371106693174
de 14:00:00 à 14:59:59,PR/0087-381566-00,Gargenville,1.46,0.013088137839628892
de 14:00:00 à 14:59:59,PR/0087-381244-00,Gisors,1.96,0.02137176938369781
de 14:00:00 à 14:59:59,PR/0087-381889-00,Herblay,26.5,0.4279324055666004
de 14:00:00 à 14:59:59,PR/0087-386409-00,Houilles Carrières sur Seine,23.26,0.37425447316103383
de 14:00:00 à 14:59:59,PR/0087-381574-00,Issou Porcheville,2.11,0.02385685884691848
de 14:00:00 à 14:59:59,PR/0087-381558-00,Juziers,1.7,0.01706428098078197
de 14:00:00 à 14:59:59,PR/0087-381871-00,La Frette Montigny,6.69,0.09973492379058979
de 14:00:00 à 14:59:59,PR/0087-381095-00,Le Stade,41.22,0.6718025182239894
de 14:00:00 à 14:59:59,PR/0087-381798-00,Le Val d'Argenteuil,35.23,0.5725646123260437
de 14:00:00 à 14:59:59,PR/0087-386664-00,Les Clairières de Verneuil,4.74,0.06742876076872101
de 14:00:00 à 14:59:59,PR/0087-386680-BV,Les Mureaux,10.34,0.1602054340622929
de 14:00:00 à 14:59:59,PR/0087-381210-00,Liancourt St Pierre,2.17,0.024850894632206758
de 14:00:00 à 14:59:59,PR/0087-381582-BV,Limay,5.6,0.08167660702451954
de 14:00:00 à 14:59:59,PR/0087-381590-00,Mantes Station,4.09,0.0566600397614314
de 14:00:00 à 14:59:59,PR/0087-381509-BV,Mantes la Jolie,6.57,0.09774685222001325
de 14:00:00 à 14:59:59,PR/0087-381483-00,Maurecourt,4.72,0.06709741550695825
de 14:00:00 à 14:59:59,PR/0087-381830-BV,Meulan Hardricourt,2.56,0.031312127236580514
de 14:00:00 à 14:59:59,PR/0087-381145-00,Osny,2.56,0.031312127236580514
de 14:00:00 à 14:59:59,PR/0087-384008-00,Paris St Lazare,51.86,0.848078197481776
de 14:00:00 à 14:59:59,PR/0087-386573-BV,Poissy,37.82,0.6154738237243207
de 14:00:00 à 14:59:59,PR/0087-276139-BV,Pontoise,7.77,0.11762756792577864
de 14:00:00 à 14:59:59,PR/0087-276188-00,Sannois,19.5,0.31196156394963553
de 14:00:00 à 14:59:59,PR/0087-381426-00,St Ouen l'Aumône Église,2.51,0.03048376408217362
de 14:00:00 à 14:59:59,PR/0087-381822-00,Thun le Paradis,1.8,0.018721007289595755
de 14:00:00 à 14:59:59,PR/0087-381236-00,Trie Château,1.25,0.009609012591119947
de 14:00:00 à 14:59:59,PR/0087-381806-00,Triel sur Seine,3.77,0.0513585155732273
de 14:00:00 à 14:59:59,PR/0087-381814-00,Vaux sur Seine,1.17,0.008283631544068916
de 14:00:00 à 14:59:59,PR/0087-386656-BV,Vernouillet Verneuil,19.74,0.31593770709078856
de 14:00:00 à 14:59:59,PR/0087-386649-00,Villennes sur Seine,9.95,0.15374420145791914
de 14:00:00 à 14:59:59,PR/0087-386763-BV,Épône Mézières,9.55,0.14711729622266403
de 14:00:00 à 14:59:59,PR/0087-381418-BV,Éragny Neuville,2.66,0.0329688535453943
de 15:00:00 à 15:59:59,PR/0087-381491-00,Andrésy,4.03,0.055666003976143144
de 15:00:00 à 15:59:59,PR/0087-381848-BV,Argenteuil,36.02,0.5856527501656726
de 15:00:00 à 15:59:59,PR/0087-381137-BV,Asnières sur Seine,39.5,0.6433068257123923
de 15:00:00 à 15:59:59,PR/0087-386730-00,Aubergenville Élisabethville,26.13,0.4218025182239894
de 15:00:00 à 15:59:59,PR/0087-381079-BV,Bois Colombes,47.89,0.7823061630218688
de 15:00:00 à 15:59:59,PR/0087-381152-00,Boissy l'Aillerie,1.31,0.010603048376408216
de 15:00:00 à 15:59:59,PR/0087-381475-00,Chanteloup les Vignes,5.93,0.08714380384360502
de 15:00:00 à 15:59:59,PR/0087-381194-BV,Chars,1.39,0.011928429423459242
de 15:00:00 à 15:59:59,PR/0087-381228-BV,Chaumont en Vexin,0.67,0.0
de 15:00:00 à 15:59:59,PR/0087-381087-00,Colombes,61.03,1.0
de 15:00:00 à 15:59:59,PR/0087-381459-BV,Conflans Fin d'Oise,3.49,0.04671968190854871
de 15:00:00 à 15:59:59,PR/0087-381897-BV,Conflans Ste Honorine,12.49,0.19582504970178927
de 15:00:00 à 15:59:59,PR/0087-381863-00,Cormeilles en Parisis,18.97,0.30318091451292245
de 15:00:00 à 15:59:59,PR/0087-534131-BV,Ermont Eaubonne,28.8,0.4660371106693174
de 15:00:00 à 15:59:59,PR/0087-381566-00,Gargenville,1.46,0.013088137839628892
de 15:00:00 à 15:59:59,PR/0087-381244-00,Gisors,1.96,0.02137176938369781
de 15:00:00 à 15:59:59,PR/0087-381889-00,Herblay,26.5,0.4279324055666004
de 15:00:00 à 15:59:59,PR/0087-386409-00,Houilles Carrières sur Seine,18.57,0.29655400927766734
de 15:00:00 à 15:59:59,PR/0087-381574-00,Issou Porcheville,2.11,0.02385685884691848
de 15:00:00 à 15:59:59,PR/0087-381558-00,Juziers,1.7,0.01706428098078197
de 15:00:00 à 15:59:59,PR/0087-381871-00,La Frette Montigny,6.69,0.09973492379058979
de 15:00:00 à 15:59:59,PR/0087-381095-00,Le Stade,41.22,0.6718025182239894
de 15:00:00 à 15:59:59,PR/0087-381798-00,Le Val d'Argenteuil,35.23,0.5725646123260437
de 15:00:00 à 15:59:59,PR/0087-381210-00,Liancourt St Pierre,2.17,0.024850894632206758
de 15:00:00 à 15:59:59,PR/0087-381582-BV,Limay,5.6,0.08167660702451954
de 15:00:00 à 15:59:59,PR/0087-381590-00,Mantes Station,5.49,0.0798542080848244
de 15:00:00 à 15:59:59,PR/0087-381509-BV,Mantes la Jolie,10.05,0.15540092776673295
de 15:00:00 à 15:59:59,PR/0087-381483-00,Maurecourt,4.72,0.06709741550695825
de 15:00:00 à 15:59:59,PR/0087-381830-BV,Meulan Hardricourt,2.56,0.031312127236580514
de 15:00:00 à 15:59:59,PR/0087-381145-00,Osny,2.56,0.031312127236580514
de 15:00:00 à 15:59:59,PR/0087-384008-00,Paris St Lazare,56.29,0.9214711729622266
de 15:00:00 à 15:59:59,PR/0087-386573-BV,Poissy,31.19,0.5056328694499669
de 15:00:00 à 15:59:59,PR/0087-276139-BV,Pontoise,7.77,0.11762756792577864
de 15:00:00 à 15:59:59,PR/0087-276188-00,Sannois,19.5,0.31196156394963553
de 15:00:00 à 15:59:59,PR/0087-381426-00,St Ouen l'Aumône Église,2.51,0.03048376408217362
de 15:00:00 à 15:59:59,PR/0087-381822-00,Thun le Paradis,1.8,0.018721007289595755
de 15:00:00 à 15:59:59,PR/0087-381236-00,Trie Château,1.25,0.009609012591119947
de 15:00:00 à 15:59:59,PR/0087-381806-00,Triel sur Seine,3.77,0.0513585155732273
de 15:00:00 à 15:59:59,PR/0087-381814-00,Vaux sur Seine,1.17,0.008283631544068916
de 15:00:00 à 15:59:59,PR/0087-386656-BV,Vernouillet Verneuil,25.38,0.409377070907886
de 15:00:00 à 15:59:59,PR/0087-386649-00,Villennes sur Seine,14.92,0.2360834990059642
de 15:00:00 à 15:59:59,PR/0087-386763-BV,Épône Mézières,17.07,0.2717031146454606
de 15:00:00 à 15:59:59,PR/0087-381418-BV,Éragny Neuville,2.66,0.0329688535453943
de 16:00:00 à 16:59:59,PR/0087-381491-00,Andrésy,7.96,0.03332612924140912
de 16:00:00 à 16:59:59,PR/0087-381848-BV,Argenteuil,69.4,0.29889777393559547
de 16:00:00 à 16:59:59,PR/0087-381137-BV,Asnières sur Seine,99.7,0.4298681651177869
de 16:00:00 à 16:59:59,PR/0087-386730-00,Aubergenville Élisabethville,43.96,0.1889345148044089
de 16:00:00 à 16:59:59,PR/0087-381079-BV,Bois Colombes,69.21,0.2980765074562351
de 16:00:00 à 16:59:59,PR/0087-381152-00,Boissy l'Aillerie,1.95,0.007348173762697211
de 16:00:00 à 16:59:59,PR/0087-381475-00,Chanteloup les Vignes,5.05,0.020747784741733305
de 16:00:00 à 16:59:59,PR/0087-381194-BV,Chars,2.29,0.008817808515236655
de 16:00:00 à 16:59:59,PR/0087-381228-BV,Chaumont en Vexin,0.94,0.0029824940566241624
de 16:00:00 à 16:59:59,PR/0087-381087-00,Colombes,81.27,0.35020531661984006
de 16:00:00 à 16:59:59,PR/0087-381459-BV,Conflans Fin d'Oise,14.83,0.06302139615301491
de 16:00:00 à 16:59:59,PR/0087-381897-BV,Conflans Ste Honorine,18.34,0.07819321374540739
de 16:00:00 à 16:59:59,PR/0087-381863-00,Cormeilles en Parisis,32.23,0.13823211584179812
de 16:00:00 à 16:59:59,PR/0087-534131-BV,Ermont Eaubonne,63.91,0.2751674951372379
de 16:00:00 à 16:59:59,PR/0087-381566-00,Gargenville,1.65,0.006051437216338881
de 16:00:00 à 16:59:59,PR/0087-381244-00,Gisors,6.0,0.02485411713853469
de 16:00:00 à 16:59:59,PR/0087-381889-00,Herblay,15.8,0.06721417765290685
de 16:00:00 à 16:59:59,PR/0087-386409-00,Houilles Carrières sur Seine,82.94,0.35742381672790147
de 16:00:00 à 16:59:59,PR/0087-381574-00,Issou Porcheville,1.41,0.005014047979252215
de 16:00:00 à 16:59:59,PR/0087-381558-00,Juziers,0.74,0.002118003025718608
de 16:00:00 à 16:59:59,PR/0087-381871-00,La Frette Montigny,4.32,0.017592392478928034
de 16:00:00 à 16:59:59,PR/0087-381202-00,La Villetertre,3.62,0.014566673870758592
de 16:00:00 à 16:59:59,PR/0087-381095-00,Le Stade,81.9,0.3529284633671926
de 16:00:00 à 16:59:59,PR/0087-381798-00,Le Val d'Argenteuil,57.54,0.24763345580289606
de 16:00:00 à 16:59:59,PR/0087-386664-00,Les Clairières de Verneuil,5.55,0.022909012318997193
de 16:00:00 à 16:59:59,PR/0087-386680-BV,Les Mureaux,50.54,0.21737626972120164
de 16:00:00 à 16:59:59,PR/0087-381582-BV,Limay,5.38,0.02217419494272747
de 16:00:00 à 16:59:59,PR/0087-381590-00,Mantes Station,6.02,0.02494056624162524
de 16:00:00 à 16:59:59,PR/0087-381509-BV,Mantes la Jolie,29.09,0.12465960665658093
de 16:00:00 à 16:59:59,PR/0087-381483-00,Maurecourt,4.05,0.016425329587205533
de 16:00:00 à 16:59:59,PR/0087-381830-BV,Meulan Hardricourt,2.96,0.011713853468770262
de 16:00:00 à 16:59:59,PR/0087-381145-00,Osny,3.07,0.012189323535768317
de 16:00:00 à 16:59:59,PR/0087-384008-00,Paris St Lazare,231.6,1.0
de 16:00:00 à 16:59:59,PR/0087-386573-BV,Poissy,64.69,0.2785390101577696
de 16:00:00 à 16:59:59,PR/0087-276139-BV,Pontoise,18.36,0.07827966284849794
de 16:00:00 à 16:59:59,PR/0087-276188-00,Sannois,20.19,0.08618975578128378
de 16:00:00 à 16:59:59,PR/0087-381186-00,Santeuil Le Perchay,0.25,0.0
de 16:00:00 à 16:59:59,PR/0087-381426-00,St Ouen l'Aumône Église,3.16,0.012578344499675816
de 16:00:00 à 16:59:59,PR/0087-381822-00,Thun le Paradis,2.5,0.009725524097687486
de 16:00:00 à 16:59:59,PR/0087-381806-00,Triel sur Seine,1.73,0.006397233628701102
de 16:00:00 à 16:59:59,PR/0087-381814-00,Vaux sur Seine,1.78,0.0066133563864274915
de 16:00:00 à 16:59:59,PR/0087-386656-BV,Vernouillet Verneuil,24.0,0.10265830992003458
de 16:00:00 à 16:59:59,PR/0087-386649-00,Villennes sur Seine,18.17,0.07745839636913768
de 16:00:00 à 16:59:59,PR/0087-386763-BV,Épône Mézières,15.55,0.06613356386427491
de 16:00:00 à 16:59:59,PR/0087-381418-BV,Éragny Neuville,4.26,0.017333045169656364
de 17:00:00 à 17:59:59,PR/0087-381491-00,Andrésy,7.96,0.02972931287113442
de 17:00:00 à 17:59:59,PR/0087-381848-BV,Argenteuil,69.4,0.2666383897586181
de 17:00:00 à 17:59:59,PR/0087-381137-BV,Asnières sur Seine,99.7,0.38347343255957433
de 17:00:00 à 17:59:59,PR/0087-386730-00,Aubergenville Élisabethville,29.49,0.11274774427392613
de 17:00:00 à 17:59:59,PR/0087-381079-BV,Bois Colombes,69.21,0.2659057607773579
de 17:00:00 à 17:59:59,PR/0087-381152-00,Boissy l'Aillerie,1.95,0.006555101411274775
de 17:00:00 à 17:59:59,PR/0087-381475-00,Chanteloup les Vignes,5.05,0.018508521631834658
de 17:00:00 à 17:59:59,PR/0087-381194-BV,Chars,2.29,0.007866121693529729
de 17:00:00 à 17:59:59,PR/0087-381228-BV,Chaumont en Vexin,0.94,0.002660599984576232
de 17:00:00 à 17:59:59,PR/0087-381087-00,Colombes,81.27,0.3124084213773425
de 17:00:00 à 17:59:59,PR/0087-381459-BV,Conflans Fin d'Oise,14.83,0.056219634456697774
de 17:00:00 à 17:59:59,PR/0087-381897-BV,Conflans Ste Honorine,18.34,0.06975399089997687
de 17:00:00 à 17:59:59,PR/0087-381863-00,Cormeilles en Parisis,32.23,0.12331302537209841
de 17:00:00 à 17:59:59,PR/0087-534131-BV,Ermont Eaubonne,63.91,0.24546926814220715
de 17:00:00 à 17:59:59,PR/0087-381566-00,Gargenville,1.65,0.005398318809285109
de 17:00:00 à 17:59:59,PR/0087-381244-00,Gisors,6.0,0.02217166653813527
de 17:00:00 à 17:59:59,PR/0087-381889-00,Herblay,15.8,0.05995989820313103
de 17:00:00 à 17:59:59,PR/0087-386409-00,Houilles Carrières sur Seine,65.34,0.25098326521169123
de 17:00:00 à 17:59:59,PR/0087-381574-00,Issou Porcheville,1.41,0.004472892727693376
de 17:00:00 à 17:59:59,PR/0087-381558-00,Juziers,0.74,0.001889411583249788
de 17:00:00 à 17:59:59,PR/0087-381871-00,La Frette Montigny,4.32,0.01569368396699314
de 17:00:00 à 17:59:59,PR/0087-381202-00,La Villetertre,3.62,0.012994524562350583
de 17:00:00 à 17:59:59,PR/0087-381095-00,Le Stade,81.9,0.3148376648415208
de 17:00:00 à 17:59:59,PR/0087-381798-00,Le Val d'Argenteuil,57.54,0.22090691755995992
de 17:00:00 à 17:59:59,PR/0087-386664-00,Les Clairières de Verneuil,7.4,0.02756998534742038
de 17:00:00 à 17:59:59,PR/0087-386680-BV,Les Mureaux,65.47,0.2514845376725534
de 17:00:00 à 17:59:59,PR/0087-381582-BV,Limay,5.38,0.01978098249402329
de 17:00:00 à 17:59:59,PR/0087-381590-00,Mantes Station,8.62,0.03227423459551168
de 17:00:00 à 17:59:59,PR/0087-381509-BV,Mantes la Jolie,14.92,0.05656666923729468
de 17:00:00 à 17:59:59,PR/0087-381483-00,Maurecourt,4.05,0.014652579625202437
de 17:00:00 à 17:59:59,PR/0087-381830-BV,Meulan Hardricourt,2.96,0.010449602837973316
de 17:00:00 à 17:59:59,PR/0087-381145-00,Osny,3.07,0.01087375645870286
de 17:00:00 à 17:59:59,PR/0087-384008-00,Paris St Lazare,259.59,1.0
de 17:00:00 à 17:59:59,PR/0087-386573-BV,Poissy,87.09,0.33485000385594205
de 17:00:00 à 17:59:59,PR/0087-276139-BV,Pontoise,18.36,0.06983110974010952
de 17:00:00 à 17:59:59,PR/0087-276188-00,Sannois,20.19,0.0768874836122465
de 17:00:00 à 17:59:59,PR/0087-381186-00,Santeuil Le Perchay,0.25,0.0
de 17:00:00 à 17:59:59,PR/0087-381426-00,St Ouen l'Aumône Église,3.16,0.011220791239299761
de 17:00:00 à 17:59:59,PR/0087-381822-00,Thun le Paradis,2.5,0.008675869514922496
de 17:00:00 à 17:59:59,PR/0087-381806-00,Triel sur Seine,1.73,0.005706794169815687
de 17:00:00 à 17:59:59,PR/0087-381814-00,Vaux sur Seine,1.78,0.005899591270147298
de 17:00:00 à 17:59:59,PR/0087-386656-BV,Vernouillet Verneuil,34.5,0.13206601372715357
de 17:00:00 à 17:59:59,PR/0087-386649-00,Villennes sur Seine,8.59,0.03215855633531272
de 17:00:00 à 17:59:59,PR/0087-386763-BV,Épône Mézières,16.4,0.062273463407110353
de 17:00:00 à 17:59:59,PR/0087-381418-BV,Éragny Neuville,4.26,0.015462327446595203
de 18:00:00 à 18:59:59,PR/0087-381491-00,Andrésy,7.96,0.030272095488633237
de 18:00:00 à 18:59:59,PR/0087-381848-BV,Argenteuil,69.4,0.2715065373591425
de 18:00:00 à 18:59:59,PR/0087-381137-BV,Asnières sur Seine,99.7,0.3904746947269229
de 18:00:00 à 18:59:59,PR/0087-386730-00,Aubergenville Élisabethville,29.86,0.11625898150692998
de 18:00:00 à 18:59:59,PR/0087-381079-BV,Bois Colombes,69.21,0.27076053241195175
de 18:00:00 à 18:59:59,PR/0087-381152-00,Boissy l'Aillerie,1.95,0.006674781106443126
de 18:00:00 à 18:59:59,PR/0087-381475-00,Chanteloup les Vignes,5.05,0.01884644077113353
de 18:00:00 à 18:59:59,PR/0087-381194-BV,Chars,2.29,0.008009737327731753
de 18:00:00 à 18:59:59,PR/0087-381228-BV,Chaumont en Vexin,0.94,0.002709175860850445
de 18:00:00 à 18:59:59,PR/0087-381087-00,Colombes,81.27,0.31811221484942476
de 18:00:00 à 18:59:59,PR/0087-381459-BV,Conflans Fin d'Oise,14.83,0.05724606384231811
de 18:00:00 à 18:59:59,PR/0087-381897-BV,Conflans Ste Honorine,18.34,0.0710275236562095
de 18:00:00 à 18:59:59,PR/0087-381863-00,Cormeilles en Parisis,32.23,0.12556441163767718
de 18:00:00 à 18:59:59,PR/0087-534131-BV,Ermont Eaubonne,63.91,0.24995092072715847
de 18:00:00 à 18:59:59,PR/0087-381566-00,Gargenville,1.65,0.00549687855824728
de 18:00:00 à 18:59:59,PR/0087-381244-00,Gisors,6.0,0.022576465507087043
de 18:00:00 à 18:59:59,PR/0087-381889-00,Herblay,15.8,0.06105461541481801
de 18:00:00 à 18:59:59,PR/0087-386409-00,Houilles Carrières sur Seine,55.91,0.2185401861086026
de 18:00:00 à 18:59:59,PR/0087-381574-00,Issou Porcheville,1.41,0.0045545565196906035
de 18:00:00 à 18:59:59,PR/0087-381558-00,Juziers,0.74,0.0019239074953865483
de 18:00:00 à 18:59:59,PR/0087-381871-00,La Frette Montigny,4.32,0.01598021123719031
de 18:00:00 à 18:59:59,PR/0087-381202-00,La Villetertre,3.62,0.01323177195806667
de 18:00:00 à 18:59:59,PR/0087-381095-00,Le Stade,81.9,0.3205858102006361
de 18:00:00 à 18:59:59,PR/0087-381798-00,Le Val d'Argenteuil,57.54,0.22494012328713336
de 18:00:00 à 18:59:59,PR/0087-386664-00,Les Clairières de Verneuil,9.25,0.03533707644587537
de 18:00:00 à 18:59:59,PR/0087-386680-BV,Les Mureaux,54.76,0.2140248930071852
de 18:00:00 à 18:59:59,PR/0087-381582-BV,Limay,5.38,0.020142133574148964
de 18:00:00 à 18:59:59,PR/0087-381590-00,Mantes Station,6.05,0.022772782598453018
de 18:00:00 à 18:59:59,PR/0087-381509-BV,Mantes la Jolie,20.1,0.07793788527229181
de 18:00:00 à 18:59:59,PR/0087-381483-00,Maurecourt,4.05,0.01492009894381405
de 18:00:00 à 18:59:59,PR/0087-381830-BV,Meulan Hardricourt,2.96,0.010640386352035808
de 18:00:00 à 18:59:59,PR/0087-381145-00,Osny,3.07,0.01107228395304095
de 18:00:00 à 18:59:59,PR/0087-384008-00,Paris St Lazare,254.94,0.9999999999999999
de 18:00:00 à 18:59:59,PR/0087-386573-BV,Poissy,80.15,0.31371471200282697
de 18:00:00 à 18:59:59,PR/0087-276139-BV,Pontoise,18.36,0.0711060504927559
de 18:00:00 à 18:59:59,PR/0087-276188-00,Sannois,20.19,0.07829125603675056
de 18:00:00 à 18:59:59,PR/0087-381186-00,Santeuil Le Perchay,0.25,0.0
de 18:00:00 à 18:59:59,PR/0087-381426-00,St Ouen l'Aumône Église,3.16,0.011425654717499706
de 18:00:00 à 18:59:59,PR/0087-381822-00,Thun le Paradis,2.5,0.008834269111468845
de 18:00:00 à 18:59:59,PR/0087-381806-00,Triel sur Seine,1.73,0.00581098590443284
de 18:00:00 à 18:59:59,PR/0087-381814-00,Vaux sur Seine,1.78,0.006007302995798814
de 18:00:00 à 18:59:59,PR/0087-386656-BV,Vernouillet Verneuil,30.11,0.11724056696375985
de 18:00:00 à 18:59:59,PR/0087-386649-00,Villennes sur Seine,8.43,0.032117476147473394
de 18:00:00 à 18:59:59,PR/0087-386763-BV,Épône Mézières,11.72,0.04503514075935451
de 18:00:00 à 18:59:59,PR/0087-381418-BV,Éragny Neuville,4.26,0.015744630727551136
de 19:00:00 à 19:59:59,PR/0087-381491-00,Andrésy,7.96,0.031105014725460924
de 19:00:00 à 19:59:59,PR/0087-381848-BV,Argenteuil,69.4,0.2789768830435309
de 19:00:00 à 19:59:59,PR/0087-381137-BV,Asnières sur Seine,99.7,0.4012183806027353
de 19:00:00 à 19:59:59,PR/0087-386730-00,Aubergenville Élisabethville,16.69,0.06632508976479606
de 19:00:00 à 19:59:59,PR/0087-381079-BV,Bois Colombes,69.21,0.27821035220075035
de 19:00:00 à 19:59:59,PR/0087-381152-00,Boissy l'Aillerie,1.95,0.006858433856457013
de 19:00:00 à 19:59:59,PR/0087-381475-00,Chanteloup les Vignes,5.05,0.01936498971234921
de 19:00:00 à 19:59:59,PR/0087-381194-BV,Chars,2.29,0.008230120627748416
de 19:00:00 à 19:59:59,PR/0087-381228-BV,Chaumont en Vexin,0.94,0.0027837172711501993
de 19:00:00 à 19:59:59,PR/0087-381087-00,Colombes,81.27,0.3268648888530278
de 19:00:00 à 19:59:59,PR/0087-381459-BV,Conflans Fin d'Oise,14.83,0.05882115625126074
de 19:00:00 à 19:59:59,PR/0087-381897-BV,Conflans Ste Honorine,18.34,0.0729818049784161
de 19:00:00 à 19:59:59,PR/0087-381863-00,Cormeilles en Parisis,32.23,0.1290192439585266
de 19:00:00 à 19:59:59,PR/0087-534131-BV,Ermont Eaubonne,63.91,0.25682817606003144
de 19:00:00 à 19:59:59,PR/0087-381566-00,Gargenville,1.65,0.005648121999435186
de 19:00:00 à 19:59:59,PR/0087-381244-00,Gisors,6.0,0.02319764392625166
de 19:00:00 à 19:59:59,PR/0087-381889-00,Herblay,15.8,0.06273449792229797
de 19:00:00 à 19:59:59,PR/0087-386409-00,Houilles Carrières sur Seine,51.29,0.20591439060797995
de 19:00:00 à 19:59:59,PR/0087-381574-00,Issou Porcheville,1.41,0.004679872513817726
de 19:00:00 à 19:59:59,PR/0087-381558-00,Juziers,0.74,0.0019768426998023154
de 19:00:00 à 19:59:59,PR/0087-381871-00,La Frette Montigny,4.32,0.016419897526929437
de 19:00:00 à 19:59:59,PR/0087-381202-00,La Villetertre,3.62,0.013595836527211845
de 19:00:00 à 19:59:59,PR/0087-381095-00,Le Stade,81.9,0.3294065437527736
de 19:00:00 à 19:59:59,PR/0087-381798-00,Le Val d'Argenteuil,57.54,0.23112922096260133
de 19:00:00 à 19:59:59,PR/0087-381582-BV,Limay,5.38,0.02069633275507322
de 19:00:00 à 19:59:59,PR/0087-381590-00,Mantes Station,4.82,0.01843708395529915
de 19:00:00 à 19:59:59,PR/0087-381509-BV,Mantes la Jolie,9.87,0.03881066688183321
de 19:00:00 à 19:59:59,PR/0087-381483-00,Maurecourt,4.05,0.015330616855609795
de 19:00:00 à 19:59:59,PR/0087-381830-BV,Meulan Hardricourt,2.96,0.010933150441763828
de 19:00:00 à 19:59:59,PR/0087-381145-00,Osny,3.07,0.011376931456005162
de 19:00:00 à 19:59:59,PR/0087-384008-00,Paris St Lazare,248.12,0.9999999999999999
de 19:00:00 à 19:59:59,PR/0087-386573-BV,Poissy,94.65,0.3808447976762012
de 19:00:00 à 19:59:59,PR/0087-276139-BV,Pontoise,18.36,0.07306249243555088
de 19:00:00 à 19:59:59,PR/0087-276188-00,Sannois,20.19,0.08044539476338403
de 19:00:00 à 19:59:59,PR/0087-381186-00,Santeuil Le Perchay,0.25,0.0
de 19:00:00 à 19:59:59,PR/0087-381426-00,St Ouen l'Aumône Église,3.16,0.011740025013111713
de 19:00:00 à 19:59:59,PR/0087-381822-00,Thun le Paradis,2.5,0.009077338927663695
de 19:00:00 à 19:59:59,PR/0087-381806-00,Triel sur Seine,1.73,0.00597087182797434
de 19:00:00 à 19:59:59,PR/0087-381814-00,Vaux sur Seine,1.78,0.006172590470811311
de 19:00:00 à 19:59:59,PR/0087-386656-BV,Vernouillet Verneuil,29.82,0.11929640537378464
de 19:00:00 à 19:59:59,PR/0087-386649-00,Villennes sur Seine,10.68,0.04207850889579215
de 19:00:00 à 19:59:59,PR/0087-386763-BV,Épône Mézières,7.74,0.03021745269697825
de 19:00:00 à 19:59:59,PR/0087-381418-BV,Éragny Neuville,4.26,0.01617783515552507
de 20:00:00 à 20:59:59,PR/0087-381848-BV,Argenteuil,6.91,0.191776798825257
de 20:00:00 à 20:59:59,PR/0087-381137-BV,Asnières sur Seine,8.6,0.24140969162995596
de 20:00:00 à 20:59:59,PR/0087-381079-BV,Bois Colombes,12.9,0.3676945668135096
de 20:00:00 à 20:59:59,PR/0087-381475-00,Chanteloup les Vignes,3.5,0.09162995594713658
de 20:00:00 à 20:59:59,PR/0087-381087-00,Colombes,9.36,0.2637298091042584
de 20:00:00 à 20:59:59,PR/0087-381459-BV,Conflans Fin d'Oise,1.36,0.028781204111600595
de 20:00:00 à 20:59:59,PR/0087-381897-BV,Conflans Ste Honorine,3.09,0.07958883994126285
de 20:00:00 à 20:59:59,PR/0087-381863-00,Cormeilles en Parisis,4.99,0.1353891336270191
de 20:00:00 à 20:59:59,PR/0087-534131-BV,Ermont Eaubonne,7.8,0.21791483113069016
de 20:00:00 à 20:59:59,PR/0087-386409-00,Houilles Carrières sur Seine,3.74,0.09867841409691631
de 20:00:00 à 20:59:59,PR/0087-381095-00,Le Stade,6.75,0.18707782672540382
de 20:00:00 à 20:59:59,PR/0087-381798-00,Le Val d'Argenteuil,14.92,0.4270190895741557
de 20:00:00 à 20:59:59,PR/0087-386680-BV,Les Mureaux,11.06,0.31365638766519827
de 20:00:00 à 20:59:59,PR/0087-381590-00,Mantes Station,0.38,0.0
de 20:00:00 à 20:59:59,PR/0087-381509-BV,Mantes la Jolie,2.74,0.06930983847283409
de 20:00:00 à 20:59:59,PR/0087-381830-BV,Meulan Hardricourt,1.12,0.021732745961820857
de 20:00:00 à 20:59:59,PR/0087-384008-00,Paris St Lazare,34.43,1.0000000000000002
de 20:00:00 à 20:59:59,PR/0087-386573-BV,Poissy,4.64,0.1251101321585903
de 20:00:00 à 20:59:59,PR/0087-276139-BV,Pontoise,4.22,0.11277533039647578
de 20:00:00 à 20:59:59,PR/0087-276188-00,Sannois,2.43,0.06020558002936858
de 20:00:00 à 20:59:59,PR/0087-381418-BV,Éragny Neuville,0.87,0.014390602055800296
de 21:00:00 à 21:59:59,PR/0087-381848-BV,Argenteuil,6.91,0.191776798825257
de 21:00:00 à 21:59:59,PR/0087-381137-BV,Asnières sur Seine,8.6,0.24140969162995596
de 21:00:00 à 21:59:59,PR/0087-381079-BV,Bois Colombes,12.9,0.3676945668135096
de 21:00:00 à 21:59:59,PR/0087-381475-00,Chanteloup les Vignes,3.5,0.09162995594713658
de 21:00:00 à 21:59:59,PR/0087-381087-00,Colombes,9.36,0.2637298091042584
de 21:00:00 à 21:59:59,PR/0087-381459-BV,Conflans Fin d'Oise,1.36,0.028781204111600595
de 21:00:00 à 21:59:59,PR/0087-381897-BV,Conflans Ste Honorine,3.09,0.07958883994126285
de 21:00:00 à 21:59:59,PR/0087-381863-00,Cormeilles en Parisis,4.99,0.1353891336270191
de 21:00:00 à 21:59:59,PR/0087-534131-BV,Ermont Eaubonne,7.8,0.21791483113069016
de 21:00:00 à 21:59:59,PR/0087-386409-00,Houilles Carrières sur Seine,3.74,0.09867841409691631
de 21:00:00 à 21:59:59,PR/0087-381095-00,Le Stade,6.75,0.18707782672540382
de 21:00:00 à 21:59:59,PR/0087-381798-00,Le Val d'Argenteuil,14.92,0.4270190895741557
de 21:00:00 à 21:59:59,PR/0087-386680-BV,Les Mureaux,11.06,0.31365638766519827
de 21:00:00 à 21:59:59,PR/0087-381590-00,Mantes Station,0.38,0.0
de 21:00:00 à 21:59:59,PR/0087-381509-BV,Mantes la Jolie,2.74,0.06930983847283409
de 21:00:00 à 21:59:59,PR/0087-381830-BV,Meulan Hardricourt,1.12,0.021732745961820857
de 21:00:00 à 21:59:59,PR/0087-384008-00,Paris St Lazare,34.43,1.0000000000000002
de 21:00:00 à 21:59:59,PR/0087-386573-BV,Poissy,4.64,0.1251101321585903
de 21:00:00 à 21:59:59,PR/0087-276139-BV,Pontoise,4.22,0.11277533039647578
de 21:00:00 à 21:59:59,PR/0087-276188-00,Sannois,2.43,0.06020558002936858
de 21:00:00 à 21:59:59,PR/0087-381418-BV,Éragny Neuville,0.87,0.014390602055800296
de 22:00:00 à 22:59:59,PR/0087-381848-BV,Argenteuil,6.91,0.191776798825257
de 22:00:00 à 22:59:59,PR/0087-381137-BV,Asnières sur Seine,8.6,0.24140969162995596
de 22:00:00 à 22:59:59,PR/0087-381079-BV,Bois Colombes,12.9,0.3676945668135096
de 22:00:00 à 22:59:59,PR/0087-381475-00,Chanteloup les Vignes,3.5,0.09162995594713658
de 22:00:00 à 22:59:59,PR/0087-381087-00,Colombes,9.36,0.2637298091042584
de 22:00:00 à 22:59:59,PR/0087-381459-BV,Conflans Fin d'Oise,1.36,0.028781204111600595
de 22:00:00 à 22:59:59,PR/0087-381897-BV,Conflans Ste Honorine,3.09,0.07958883994126285
de 22:00:00 à 22:59:59,PR/0087-381863-00,Cormeilles en Parisis,4.99,0.1353891336270191
de 22:00:00 à 22:59:59,PR/0087-534131-BV,Ermont Eaubonne,7.8,0.21791483113069016
de 22:00:00 à 22:59:59,PR/0087-386409-00,Houilles Carrières sur Seine,3.74,0.09867841409691631
de 22:00:00 à 22:59:59,PR/0087-381095-00,Le Stade,6.75,0.18707782672540382
de 22:00:00 à 22:59:59,PR/0087-381798-00,Le Val d'Argenteuil,14.92,0.4270190895741557
de 22:00:00 à 22:59:59,PR/0087-386680-BV,Les Mureaux,11.06,0.31365638766519827
de 22:00:00 à 22:59:59,PR/0087-381590-00,Mantes Station,0.38,0.0
de 22:00:00 à 22:59:59,PR/0087-381509-BV,Mantes la Jolie,2.74,0.06930983847283409
de 22:00:00 à 22:59:59,PR/0087-381830-BV,Meulan Hardricourt,1.12,0.021732745961820857
de 22:00:00 à 22:59:59,PR/0087-384008-00,Paris St Lazare,34.43,1.0000000000000002
de 22:00:00 à 22:59:59,PR/0087-386573-BV,Poissy,4.64,0.1251101321585903
de 22:00:00 à 22:59:59,PR/0087-276139-BV,Pontoise,4.22,0.11277533039647578
de 22:00:00 à 22:59:59,PR/0087-276188-00,Sannois,2.43,0.06020558002936858
de 22:00:00 à 22:59:59,PR/0087-381418-BV,Éragny Neuville,0.87,0.014390602055800296
de 23:00:00 à 23:59:59,PR/0087-381848-BV,Argenteuil,6.91,0.191776798825257
de 23:00:00 à 23:59:59,PR/0087-381137-BV,Asnières sur Seine,8.6,0.24140969162995596
de 23:00:00 à 23:59:59,PR/0087-381079-BV,Bois Colombes,12.9,0.3676945668135096
de 23:00:00 à 23:59:59,PR/0087-381475-00,Chanteloup les Vignes,3.5,0.09162995594713658
de 23:00:00 à 23:59:59,PR/0087-381087-00,Colombes,9.36,0.2637298091042584
de 23:00:00 à 23:59:59,PR/0087-381459-BV,Conflans Fin d'Oise,1.36,0.028781204111600595
de 23:00:00 à 23:59:59,PR/0087-381897-BV,Conflans Ste Honorine,3.09,0.07958883994126285
de 23:00:00 à 23:59:59,PR/0087-381863-00,Cormeilles en Parisis,4.99,0.1353891336270191
de 23:00:00 à 23:59:59,PR/0087-534131-BV,Ermont Eaubonne,7.8,0.21791483113069016
de 23:00:00 à 23:59:59,PR/0087-386409-00,Houilles Carrières sur Seine,3.74,0.09867841409691631
de 23:00:00 à 23:59:59,PR/0087-381095-00,Le Stade,6.75,0.18707782672540382
de 23:00:00 à 23:59:59,PR/0087-381798-00,Le Val d'Argenteuil,14.92,0.4270190895741557
de 23:00:00 à 23:59:59,PR/0087-386680-BV,Les Mureaux,11.06,0.31365638766519827
de 23:00:00 à 23:59:59,PR/0087-381590-00,Mantes Station,0.38,0.0
de 23:00:00 à 23:59:59,PR/0087-381509-BV,Mantes la Jolie,2.74,0.06930983847283409
de 23:00:00 à 23:59:59,PR/0087-381830-BV,Meulan Hardricourt,1.12,0.021732745961820857
de 23:00:00 à 23:59:59,PR/0087-384008-00,Paris St Lazare,34.43,1.0000000000000002
de 23:00:00 à 23:59:59,PR/0087-386573-BV,Poissy,4.64,0.1251101321585903
de 23:00:00 à 23:59:59,PR/0087-276139-BV,Pontoise,4.22,0.11277533039647578
de 23:00:00 à 23:59:59,PR/0087-276188-00,Sannois,2.43,0.06020558002936858
de 23:00:00 à 23:59:59,PR/0087-381418-BV,Éragny Neuville,0.87,0.014390602055800296
